# Adjacent word pairs for khmer-engine (sample), built by scripts/make_sample.py.
# Counts: segmented khm_Khmr test split of https://huggingface.co/datasets/HuggingFaceFW/fineweb-2
#   ODC-By 1.0, https://opendatacommons.org/licenses/by/1-0/
# word	next word	count
នៅ	ក្នុង	22539
ក្នុង	ការ	13375
ថ្ងៃ	ទី	13366
មាន	ការ	10804
របស់	អ្នក	9752
ទទួល	បាន	9696
គិត	ថ្លៃ	9446
ឥត	គិត	9302
ដែល	បាន	8040
នៃ	ការ	7975
និង	ការ	6463
ប្រជា	ពលរដ្ឋ	6365
ដែល	ជា	6142
របស់	ខ្លួន	5551
នៅ	ថ្ងៃ	5380
ពិភព	លោក	5376
ដែល	អ្នក	4554
របស់	យើង	4488
វី	ដ	4477
កូ	វី	4476
ដោយ	ឥត	4430
របស់	លោក	4424
ជា	ការ	4199
កាលពី	ថ្ងៃ	4146
អ្វី	ដែល	4113
មិន	អាច	4082
និយាយ	ថា	4034
មិន	បាន	3893
បញ្ជាក់	ថា	3887
របស់	ពួកគេ	3841
ជា	អ្នក	3824
ពី	ការ	3685
ចេញ	ពី	3616
ទៅ	លើ	3601
ដែល	អាច	3579
កើត	ឡើង	3551
ទៅ	កាន់	3536
ខាង	លើ	3533
ការ	ធ្វើ	3452
បាន	និយាយ	3434
ត្រូវបាន	គេ	3432
ផ្សេង	ទៀត	3312
ការ	ប្រកួត	3296
សម្រាប់	ការ	3261
មក	ដល់	3257
អ្នក	អាច	3235
ក្នុង	ប្រទេស	3210
មិន	ទាន់	3109
នៅពេល	ដែល	3087
របស់	គាត់	3066
បាន	ធ្វើ	3049
ទាំង	ពីរ	2973
ជន	រងគ្រោះ	2921
មាន	ភាព	2885
សហរដ្ឋ	អាមេរិក	2805
និង	មាន	2804
លោក	បាន	2802
អ្នក	មាន	2796
ប្រទេស	កម្ពុជា	2761
នៅ	កម្ពុជា	2721
ខាង	មុខ	2626
ពេល	ដែល	2588
នេះ	បាន	2585
ក៏	មាន	2563
នឹង	ការ	2548
ក្នុង	នោះ	2526
ពេល	នេះ	2523
ខាង	ក្រោម	2522
ធ្វើ	ដំណើរ	2488
នេះ	ជា	2455
សម្តេច	តេជោ	2454
ប្រាក់	រង្វាន់	2411
ល្អ	បំផុត	2387
និង	ជា	2385
លើ	ការ	2351
របស់	ខ្ញុំ	2325
ដែល	ត្រូវបាន	2322
បាន	បញ្ជាក់	2296
ឱ្យ	មាន	2280
ទៅ	នឹង	2250
ក្នុង	ចំណោម	2244
ជន	សង្ស័យ	2210
ប្រសិនបើ	អ្នក	2192
អ្នក	នឹង	2181
កើន	ឡើង	2166
ធ្វើ	ឡើង	2164
តាម	ការ	2146
បន្ថែម	ទៀត	2140
នឹង	មាន	2117
អ្នក	ដែល	2117
វា	ជា	2112
ដោយ	មាន	2080
ដែល	មិន	2077
លើក	ទី	2055
ដែល	យើង	2054
ក្នុង	តំបន់	2047
បើ	តាម	2046
ព្រឹក	ថ្ងៃ	2042
បាន	បង្ហាញ	2025
សម្រាប់	អ្នក	2013
កាត់	បន្ថយ	2004
ជា	ម្ចាស់	1998
ប្រទេស	ចិន	1977
ខាង	ត្បូង	1967
មុន	ពេល	1957
បន្ត	ថា	1954
នៅ	ឆ្នាំ	1936
អាច	ធ្វើ	1936
កូរ៉េ	ខាង	1930
យ៉ាង	ខ្លាំង	1929
ការ	ភ្នាល់	1920
ក្នុង	រយៈពេល	1903
មាន	ប្រសាសន៍	1890
មួយ	នេះ	1890
នៅ	ប្រទេស	1866
មួយ	ដែល	1855
ឱ្យ	បាន	1851
នេះ	មាន	1849
នូវ	ការ	1845
នឹង	ទទួល	1839
ដោយ	មិន	1838
ក្នុង	ឆ្នាំ	1837
ការ	ពិត	1791
ដែល	កំពុង	1781
យកចិត្ត	ទុកដាក់	1775
ក្នុង	ពេល	1774
អ្នក	លេង	1765
ក្នុង	មួយ	1762
លាន	ដុល្លារ	1762
ដែល	ត្រូវ	1754
ចុះ	ឈ្មោះ	1752
វេលា	ម៉ោង	1729
ការ	ប្រើប្រាស់	1728
នេះ	គឺជា	1703
ឃាត់	ខ្លួន	1696
ការ	បោះឆ្នោត	1692
បាន	ការ	1688
បង្ហាញ	ពី	1680
ស្ថិត	ក្នុង	1679
ខេត្ត	សៀមរាប	1677
គួរ	ឱ្យ	1668
បាន	ថ្លែង	1665
ក្រុម	ការងារ	1652
ដ៏	ល្អ	1652
គាត់	បាន	1644
នឹង	ត្រូវ	1639
របស់	នាង	1631
ផ្តល់	ជូន	1621
ការ	ផ្តល់	1616
ជំងឺ	កូ	1616
ទៅ	ដល់	1591
បន្ទាប់	មក	1589
ខាង	ជើង	1584
អះអាង	ថា	1581
ខ្ញុំ	បាន	1578
ការ	អភិវឌ្ឍ	1570
និង	អ្នក	1561
មិនមែន	ជា	1557
យើង	បាន	1543
យក	ទៅ	1542
បាន	លើកឡើង	1535
ដល់	ការ	1531
ដែល	ធ្វើ	1527
នៅ	ខេត្ត	1523
អ្នក	គាំទ្រ	1500
ព្រះ	ជា	1499
គិត	ថា	1495
តាមរយៈ	ការ	1486
ការ	ចូលរួម	1481
ប្រឆាំង	នឹង	1476
អាច	នឹង	1476
របស់	វា	1473
និង	បាន	1470
ចំពោះ	ការ	1469
របស់	ប្រទេស	1469
កន្លង	ទៅ	1458
បាន	នូវ	1451
ការ	សិក្សា	1448
រដ្ឋមន្ត្រី	ក្រសួង	1446
លើកឡើង	ថា	1441
គឺ	មាន	1435
វា	មាន	1435
ឡើង	នៅ	1427
អ្នក	ប្រើប្រាស់	1427
ន័យ	ថា	1406
ការ	ដាក់	1401
ក៏	អាច	1398
អំពី	ការ	1398
របស់	ព្រះ	1395
បាន	ប្រាប់	1391
នេះ	បើ	1370
ចង់	បាន	1365
ដែល	គេ	1365
បាន	មាន	1364
ប្រហែល	ជា	1362
មក	ហើយ	1359
មក	វិញ	1358
បណ្តាញ	សង្គម	1355
ឱ្យ	អ្នក	1348
ទាក់ទង	នឹង	1346
បាន	ទទួល	1346
ហើយ	ក៏	1344
វា	អាច	1335
អាច	មាន	1331
គឺជា	ការ	1327
បង្ហាញ	ថា	1327
ហើយ	បាន	1323
ទាំងអស់	គ្នា	1318
ដ៏	ធំ	1315
ដែល	នឹង	1314
មាន	អារម្មណ៍	1314
ការ	គាំទ្រ	1313
មាន	ន័យ	1312
នេះ	ដែរ	1311
បា	ការ៉ាត់	1302
ថា	ជា	1300
ខែ	តុលា	1299
ខែ	មករា	1292
មាន	អ្នក	1291
របស់	ក្រុមហ៊ុន	1290
បាន	កើត	1286
បាន	ជា	1285
ទៅ	តាម	1282
ឱ្យ	ដឹងថា	1280
យើង	នឹង	1278
បាន	ផ្តល់	1277
ក្នុង	ខេត្ត	1273
ដោយ	ការ	1273
តាម	អ៊ីនធឺណិត	1266
ទទួល	យក	1258
បាន	ល្អ	1257
ប្រជាជន	កម្ពុជា	1253
លេង	ល្បែង	1253
នេះ	គឺ	1252
ទៀត	ថា	1243
ប្រសាសន៍	ថា	1242
ព្រះ	អង្គ	1241
ខែ	មិថុនា	1237
ដែល	ពួកគេ	1232
ការ	ផ្លាស់ប្តូរ	1231
បាន	ធ្វើការ	1230
ខែ	កក្កដា	1226
អនុញ្ញាត	ឱ្យ	1223
គោល	នយោបាយ	1222
ជាមួយនឹង	ការ	1220
មួយ	ឆ្នាំ	1220
ខែ	កញ្ញា	1219
បាន	ប្រកាស	1219
ខណៈ	ដែល	1216
រង	របួស	1215
កើត	មាន	1214
ខែ	វិច្ឆិកា	1213
គ្មាន	ការ	1212
ខែ	មីនា	1203
បាន	ឱ្យ	1203
ការ	គ្រប់គ្រង	1202
បាន	ចុះ	1202
ដោយ	គ្មាន	1201
កិច្ច	ព្រមព្រៀង	1197
នៅ	តំបន់	1197
អ្នក	ជំនាញ	1197
ដល់	អ្នក	1196
ថា	អ្នក	1195
នឹង	មិន	1192
យើង	មាន	1191
ខែ	ឧសភា	1189
ឆ្នាំ	នេះ	1188
ដែល	ខ្ញុំ	1187
ឥឡូវ	នេះ	1187
ក្រុម	អ្នក	1184
បាន	ដាក់	1180
នៃ	ប្រទេស	1177
អាច	ជួយ	1177
ថ្លែង	ថា	1176
ពួក	យើង	1174
បាន	ទេ	1173
ធ្វើ	អោយ	1150
មួយ	ទៀត	1143
កាស៊ីណូ	អនឡាញ	1142
វា	នឹង	1142
មួយ	ថ្ងៃ	1139
បន្ថែម	ថា	1138
អ្នក	មិន	1138
នៅ	ទីក្រុង	1137
ឆ្នាំ	មុន	1133
ថ្នាក់	ដឹកនាំ	1133
ប្រទេស	ថៃ	1130
ក៏	ជា	1129
បុរស	ម្នាក់	1121
ក្នុង	ភូមិ	1117
ខែ	សីហា	1116
ទៅ	ហើយ	1110
ដាក់	ប្រាក់	1103
ពួកគេ	បាន	1100
ពាក់ព័ន្ធ	នឹង	1098
ផ្តល់	នូវ	1097
ក៏	មិន	1094
ខែ	ធ្នូ	1093
អ្នក	នាំពាក្យ	1090
អ្នក	ណា	1087
ភេទ	ប្រុស	1086
មិន	សូវ	1084
ក្នុង	នាម	1083
បាន	បន្ត	1083
ខែ	មេសា	1072
លើស	ពីនេះ	1069
តើ	អ្នក	1068
នោះ	ឡើយ	1068
បាន	ឃើញ	1066
នៅ	ព្រឹក	1064
ដែល	នៅ	1062
ខុស	ច្បាប់	1058
ដើម្បី	ទទួល	1058
នេះ	ត្រូវបាន	1058
នៅ	ខាង	1054
ពី	សំណាក់	1053
ការ	បង្កើត	1050
ជា	រឿង	1049
មិន	ចាំបាច់	1049
មុខ	នេះ	1048
ការ	រៀបចំ	1046
ហ្គេម	ស្លត	1045
អ្នក	ជំងឺ	1044
ដ៏	អស្ចារ្យ	1043
ជា	មនុស្ស	1035
កិច្ច	សហប្រតិបត្តិការ	1033
យក	មក	1031
ចូល	មក	1027
នោះ	គឺ	1027
កាន់តែ	ច្រើន	1025
ក្នុង	ករណី	1024
តារា	ចម្រៀង	1022
ក្នុង	ពិធី	1021
ជា	លើក	1021
មាន	ឈ្មោះ	1017
ព្រះ	រាជាណាចក្រ	1011
ខែ	កុម្ភៈ	1008
បាន	ចូលរួម	1005
យើង	អាច	1003
ក្នុង	វិស័យ	1002
គ្រប់	គ្នា	1000
ជា	ថ្មី	1000
វ៉ាក់សាំង	កូ	996
ខណៈ	ពេល	993
នឹង	ធ្វើ	993
មិន	ត្រឹមតែ	992
អ្នក	ត្រូវ	991
មាន	តម្លៃ	990
លើ	នេះ	990
លើក	ទឹកចិត្ត	990
ដឹង	ពី	988
នឹង	អាច	984
នេះ	នឹង	981
បាន	ចេញ	978
ថា	តើ	975
ក្នុង	ឱកាស	973
ខេត្ត	ព្រះសីហនុ	973
បាន	មក	971
មាន	បញ្ហា	970
កាលពី	ឆ្នាំ	968
នោះ	មាន	966
ដល់	ពេល	964
នៃ	ព្រះ	962
នោះ	ដែរ	962
ចូលទៅ	ក្នុង	955
ក្រោយ	ពេល	954
អ្នក	ដទៃ	952
ក្នុង	ទីក្រុង	950
ដ៏	មាន	948
ត្រូវ	ធ្វើ	946
អ្នក	ចង់	945
ប៉ះពាល់	ដល់	944
ហើយ	វា	944
បាន	សម្រេច	942
ព័ត៌មាន	ជាតិ	941
ដែល	លោក	940
រឿង	នេះ	940
ក្រោម	នេះ	939
ខ្ញុំ	មិន	935
ល្អ	ប្រសើរ	935
ជា	ប្រធាន	933
ជា	ផ្លូវការ	933
មាន	ចំនួន	928
លើក	ដំបូង	927
ដ៏	សំខាន់	925
នៅ	ទូទាំង	925
ខេត្ត	កណ្តាល	922
ធ្វើ	តេស្ត	921
ឡើង	ដោយ	919
ជម្រើស	ជាតិ	915
រាជាណាចក្រ	កម្ពុជា	915
មិន	ថា	914
បាន	ទៅ	911
បាន	យ៉ាង	911
ពេល	នោះ	907
អ្នក	បាន	905
ការ	លេង	903
ឈ្មោះ	ថា	901
ដែល	គាត់	898
ធ្លាក់	ចុះ	898
គណបក្ស	ប្រជាជន	896
បាន	ច្រើន	895
ឬ	ក៏	891
ជា	បន្តបន្ទាប់	888
ទូទាំង	ប្រទេស	888
ខាង	ក្រៅ	887
ប្រសើរ	ឡើង	887
នៅ	ទីនេះ	886
ច្រើន	ជាង	881
ត្រឡប់	មក	880
បច្ចុប្បន្ន	នេះ	879
ដើម្បី	ជួយ	878
ដាក់	ពាក្យ	875
នៅ	កន្លែង	874
រសៀល	ថ្ងៃ	874
ផ្តល់	ឱ្យ	871
ក្រោម	ការ	866
វា	ក៏	866
ជា	រៀងរាល់	865
ជីវិត	កម្សាន្ត	863
ពិនិត្យ	មើល	862
រហូត	មក	862
ចូលរួម	ក្នុង	861
មួយ	នៃ	860
សម្រេច	បាន	860
គណបក្ស	សង្គ្រោះជាតិ	858
បញ្ហា	នេះ	858
ភាគ	ខាង	857
អាច	ត្រូវបាន	856
ម៉ឺន	ដុល្លារ	855
មិន	ត្រូវ	853
ស្ថិតនៅ	ក្នុង	853
បើ	យោងតាម	852
ដោយ	បាន	851
ខេត្ត	បាត់ដំបង	850
ធ្វើ	សកម្មភាព	850
ដោយ	ប្រើ	849
បាន	ចាប់ផ្តើម	848
បាន	វ៉ាក់សាំង	848
ជាង	នេះ	847
មួយ	គ្រឿង	847
យើង	មិន	844
លាន	នាក់	843
ការពារ	ជាតិ	842
អាច	ទទួល	838
មក	កាន់	837
សហការ	ជាមួយ	836
ទៅ	ដោយ	835
ក្រសួង	មហាផ្ទៃ	833
ហើយ	អ្នក	833
របស់	ក្រុម	828
ការ	វាយប្រហារ	827
កាលពី	ខែ	827
ផងដែរ	ថា	826
របស់	មនុស្ស	826
រួម	បញ្ចូល	824
ដោយ	ផ្ទាល់	821
ផ្លូវ	ជាតិ	818
ទៅ	ក្នុង	816
ដោយ	លោក	815
ធ្វើ	អ្វី	814
ការ	ចុះ	813
និង	ប្រទេស	813
មួយ	ក្នុង	812
អាច	ជា	811
នេះ	អាច	810
ស្ត្រី	ម្នាក់	810
ដើម្បី	ឱ្យ	809
មនុស្ស	ដែល	809
កន្លែង	កើតហេតុ	804
ការ	ព្យាបាល	804
តាម	ផ្លូវ	804
បណ្តាល	ឱ្យ	803
ក្នុង	កម្មវិធី	801
បញ្ជូន	ទៅ	801
មាន	ប្រសិទ្ធភាព	801
យើង	ខ្ញុំ	800
ជីវិត	របស់	799
កម្ពុជា	បាន	795
ពី	ប្រទេស	795
ខ្ញុំ	នឹង	794
ពី	អ្នក	793
វា	មិន	792
អង្គការ	សហប្រជាជាតិ	791
ដទៃ	ទៀត	789
ថា	ការ	784
ទៅ	មុខ	784
បាន	រកឃើញ	784
មួយ	នៅ	783
ថា	នឹង	780
ខិត	ខំប្រឹងប្រែង	778
ជាមួយ	អ្នក	778
នរណា	ម្នាក់	777
ណា	ដែល	774
របស់	ប្រជា	771
បាន	បើក	770
ដោះស្រាយ	បញ្ហា	768
ប្រទេស	ទាំង	767
ខ្លួន	ជន	762
សូម	បញ្ជាក់	761
យ៉ាង	ច្រើន	759
សង្ឃឹម	ថា	758
ក្រៅ	ប្រទេស	756
ថ្ងៃ	សុក្រ	756
មនុស្ស	ម្នាក់	755
ដែល	វា	753
តារា	សម្តែង	751
ដូច្នេះ	ហើយ	750
ក្នុង	ផ្ទះ	749
ពី	លើ	749
ខ្សែ	ប្រយុទ្ធ	748
ចំណាយ	ពេល	748
ក្នុង	ជីវិត	745
ការ	លំបាក	744
នេះ	ថា	744
អ្វី	មួយ	744
បាន	យក	743
ពិធី	បុណ្យ	743
គួរ	បញ្ជាក់	738
បាន	ដឹង	738
ប្រែ	សម្រួល	738
របស់	កម្ពុជា	738
ថ្ងៃ	ពុធ	737
របស់	គេ	736
អស់	រយៈពេល	736
នាង	បាន	735
និង	ភាព	735
ការ	វិនិយោគ	734
ដែល	កើត	734
ធ្វើ	បាន	734
ជាមួយគ្នា	នេះ	732
នាម	ជា	732
បាន	រៀបចំ	732
នៅឡើយ	ទេ	729
ឈាន	ដល់	728
នេះ	ហើយ	728
ដើម្បី	ធ្វើ	726
នៅ	ចំណុច	726
ចាក់	វ៉ាក់សាំង	725
ពីរ	នាក់	725
គេ	បាន	724
ដែល	ទទួល	723
ភ្នាល់	ឥត	722
កូន	ប្រុស	721
ដោយ	ខ្លួនឯង	720
ពោល	គឺ	720
ពលរដ្ឋ	ខ្មែរ	719
ថ្មី	នេះ	718
ក៏	ប៉ុន្តែ	717
វា	បាន	716
បាន	អះអាង	715
ក្មេង	ស្រី	714
ក្នុង	អំឡុងពេល	713
ចូល	ក្នុង	713
ថ្មី	មួយ	713
នឹង	ជួយ	713
និង	លោក	712
បាន	ជួប	711
របស់	ក្រសួង	711
នឹង	ត្រូវបាន	710
នៃ	ជំងឺ	710
បាន	បន្ថែម	710
មួយ	រូប	710
ថា	មាន	709
នៅ	ទីនោះ	709
រក	បាន	709
រាជរដ្ឋាភិបាល	កម្ពុជា	709
មិន	ដឹង	708
ខាង	លិច	707
ចុះ	ហត្ថលេខា	707
ជាតិ	លេខ	707
ពាន់	លាន	705
វា	ត្រូវបាន	705
ដែរ	ថា	703
ពី	ក្រោយ	703
ស្រប	ពេល	702
ថ្ងៃ	អាទិត្យ	701
ការ	កើន	700
ដែលមាន	ការ	700
ហើយ	មាន	700
ទៀត	ដែល	699
រស់នៅ	ក្នុង	699
ក្រសួង	សុខាភិបាល	696
ផ្នែក	មួយ	696
ការ	ឆ្លង	694
ដុល្លារ	អាមេរិក	694
ហើយ	ការ	694
រាល់	គ្នា	693
កាលពី	វេលា	692
លើស	ពី	692
លោក	នាយករដ្ឋមន្ត្រី	692
ធ្លាប់	បាន	691
ភ្នាល់	បាល់ទាត់	691
លើ	បណ្តាញ	691
ខេត្ត	បន្ទាយមានជ័យ	690
ដែល	ផ្តល់	689
កាន់តែ	មាន	688
ផ្នែក	ខាង	688
លេង	ហ្គេម	688
លោក	ថា	688
ការ	ផ្សព្វផ្សាយ	687
ខ្ញុំ	មាន	686
និង	មិន	686
អ្នក	សារព័ត៌មាន	686
ថ្ងៃ	អង្គារ	684
រន្ធ	ដោត	684
បាន	អញ្ជើញ	683
នេះ	ក៏	682
ចូលរួម	ពី	681
មាន	លក្ខណៈ	681
ប្រាប់	ថា	680
ពិតជា	មាន	680
ថា	វា	678
គឺ	ការ	677
នេះ	ទេ	677
ព្រះ	សង្ឃ	677
ម៉ាស៊ីន	ស្លត	674
រង	ការ	674
ចាកចេញ	ពី	673
បាន	បង្កើត	673
ភាព	ជា	672
ការ	ផលិត	671
បង្វិល	ដោយ	669
ខ្លួន	បាន	666
ត្រូវ	មាន	666
ការ	ទទួល	663
បងប្អូន	ប្រជា	663
យើង	ត្រូវ	663
កន្លែង	ដែល	662
ខាង	កើត	660
ករណី	នេះ	658
ជូន	ដល់	658
ថ្ងៃ	ព្រហស្បតិ៍	658
រីក	រាលដាល	658
ការ	ណែនាំ	657
ចុងក្រោយ	នេះ	657
ជួយ	ដល់	657
បន្ទាប់ពី	ការ	657
បាន	ស្លាប់	657
ការ	ដឹកនាំ	652
ទៅ	រួច	652
របស់	អង្គការ	652
ឆ្នាំ	មក	649
វា	គឺជា	649
បាន	ក្លាយជា	648
ការ	ការពារ	647
ត្រូវ	គេ	647
សេចក្តី	ថ្លែងការណ៍	646
ការ	បង្ហាញ	644
ដែល	ធ្វើឱ្យ	644
ដល់	ថ្ងៃ	642
នា	ថ្ងៃ	642
មាន	ទាំង	642
មនុស្ស	ជាច្រើន	641
បណ្តា	ប្រទេស	640
គ្រោះថ្នាក់	ចរាចរណ៍	639
ព្រោះ	វា	639
ដំណឹង	ល្អ	638
នៅ	មាន	638
ម្នាក់	នៅ	638
ព្រះ	មហា	636
យប់	ថ្ងៃ	636
ការងារ	របស់	635
នោះ	បាន	635
នៅ	ថ្ងៃនេះ	634
ពី	បទ	634
បាន	ជោគជ័យ	633
នេះ	មិន	631
ម្នាក់	ដែល	631
ភ្ញៀវ	ទេសចរ	630
រំពឹង	ថា	630
និង	ធ្វើ	628
យល់	ថា	628
អាច	ប្រើ	626
ផ្អែក	លើ	624
ដឹកនាំ	ដោយ	623
មាន	មនុស្ស	623
រកឃើញ	ថា	623
ជាច្រើន	ទៀត	622
ស្លត	ដោយ	622
ការ	ភ្ញាក់ផ្អើល	621
ជិះ	ម៉ូតូ	619
ជា	សមាជិក	616
ប៉ុណ្ណោះ	ទេ	615
ឬ	ការ	613
បាន	បង្ហោះ	610
ធ្លាប់	មាន	609
បាល់ទាត់	ពិភព	609
ការ	ស្រាវជ្រាវ	608
សុខភាព	ល្អ	607
យ៉ាង	ហោច	605
ហើយ	ថា	605
បាន	ជួយ	604
បាន	ចូល	603
ខ្លួន	នៅ	601
នៅ	ភ្នំពេញ	601
បើសិន	ជា	601
របស់	សម្តេច	601
អ្នក	រាល់	601
គេ	ស្គាល់	600
បន្ថយ	ការ	600
បំផុត	សម្រាប់	598
ពេល	ខ្លះ	598
អ្នក	បើកបរ	598
ដំណើរ	ទៅ	597
ត្រូវ	នឹង	597
សេចក្តី	ប្រកាស	597
ពួកគេ	មាន	596
នៅ	ជុំវិញ	595
គឺ	ថា	594
ដល់	ប្រជា	592
បាន	ធ្វើឱ្យ	592
ខាង	ក្នុង	591
និង	ផ្តល់	591
នៅ	ក្រៅ	589
ផ្តោត	លើ	589
ការ	ជួយ	587
ស្រប	តាម	586
ដើម្បី	ធានា	585
នាំ	មក	584
ប្រចាំ	ឆ្នាំ	583
នាំ	ឱ្យ	582
ប្រទេស	ជប៉ុន	581
ចាប់ពី	ថ្ងៃ	580
ថ្មី	របស់	580
នៅពេល	នេះ	580
ក៏	ត្រូវបាន	579
ការ	លក់	577
នគរបាល	ខេត្ត	577
បាន	បញ្ចប់	577
មុន	នឹង	577
បាញ់	ប្រហារ	575
រៀងរាល់	ថ្ងៃ	575
ស្រប	ច្បាប់	575
ហោច	ណាស់	575
នឹង	ផ្តល់	573
បញ្ហា	ប្រឈម	573
ពេល	កើតហេតុ	573
ការ	ចំណាយ	572
ដល់	ទៅ	572
នៅតែ	បន្ត	572
មាន	ឱកាស	572
ដូច	ខាង	569
មិនមាន	ការ	569
ជួយ	អ្នក	568
ជឿ	ថា	568
ទៅ	បាន	568
ធំ	មួយ	568
កម្ពុជា	និង	566
បញ្ចប់	ការ	565
យ៉ាង	ល្អ	565
រដ្ឋបាល	ខេត្ត	565
របស់	ទ្រង់	565
ឡើង	ទៅ	565
ជន	ដៃដល់	564
ម្នាក់	បាន	564
មាន	សារៈសំខាន់	563
អាច	រក	563
អាន	បន្ត	563
ជា	ដៃគូ	562
ក្នុង	ខែ	561
នាក់	បាន	561
ប្រយុទ្ធ	ប្រឆាំង	561
សព្វថ្ងៃ	នេះ	561
ចុះ	ទៅ	560
នៅ	ខែ	559
បង្កើន	ការ	559
ដូចជា	ការ	558
មិន	ត្រូវបាន	558
ព័ត៌មាន	អន្តរជាតិ	557
នៅ	ផ្ទះ	556
ប្រព័ន្ធ	ផ្សព្វផ្សាយ	556
រូប	គេ	556
ហើយ	នៅ	556
នៅ	មិន	555
ជា	ខ្លាំង	554
ជា	ប្រចាំ	554
ថ្ងៃ	ចន្ទ	554
នឹង	បន្ត	554
ការ	រីក	553
នេះ	ផងដែរ	553
លោក	ឧត្តមសេនីយ៍	552
ចេញ	មក	551
សហភាព	អឺរ៉ុប	551
ជាច្រើន	ដែល	550
ដែល	នាំ	549
មក	លើ	549
គឺ	មិន	548
ក្នុង	តម្លៃ	547
ជុំវិញ	ពិភព	547
ថ្ងៃ	សៅរ៍	547
ទី	ពីរ	547
នៅ	មន្ទីរពេទ្យ	547
ប្រាកដ	ថា	547
ឡើង	ក្នុង	547
ហើយ	មិន	546
ឬ	ទេ	546
ប្រឈម	នឹង	545
អ្នក	គួរតែ	545
គេ	មិន	544
នៅ	ចុង	544
អ្នក	ដឹកនាំ	544
ការ	លើកឡើង	543
ព្រះ	បន្ទូល	543
មួយ	កន្លែង	543
ត្រូវបាន	បង្កើតឡើង	542
កាលពី	ពេល	541
គ្រប់	ប្រភេទ	541
ទន្ទឹម	នឹង	541
ក៏	ត្រូវ	540
ចាត់	វិធានការ	540
អ្នក	ទាំង	540
ឧបនាយក	រដ្ឋមន្ត្រី	540
នៅ	ភូមិ	538
បង្ហាញ	ខ្លួន	538
ល្អ	សម្រាប់	538
ការ	អភិវឌ្ឍន៍	537
មហា	ក្សត្រ	537
មាន	ផ្ទៃពោះ	537
របៀប	ដែល	537
ការ	រចនា	536
ប្រភព	ព័ត៌មាន	536
អ្នក	កំពុង	536
ពាក្យ	បណ្តឹង	535
ហើយ	យើង	535
ការ	កំណត់	534
ក៏	នឹង	534
ធ្វើ	ការងារ	534
របស់	រាជរដ្ឋាភិបាល	534
គ្រប់	រូប	533
និង	អាច	533
ពួកគេ	នឹង	533
អ្នក	ខ្លះ	532
គ្រាន់តែ	ជា	531
ទឹក	ជំនន់	531
លោក	បន្ត	531
ក្រសួង	ការបរទេស	530
ចំពោះ	អ្នក	530
បាន	សរសេរ	530
ដើម្បី	ការពារ	529
ប៉ុន្តែ	វា	529
មាន	ករណី	528
មាន	ដូចជា	528
រត់	ចេញ	528
ដើម្បី	ធ្វើការ	527
អារម្មណ៍	ថា	527
ប្រកាស	ថា	526
ភាព	ងាយស្រួល	526
មិន	ធ្លាប់	526
របួស	ធ្ងន់	526
អ្នក	នៅ	526
ម្នាក់	ទៀត	525
យក	ឈ្នះ	525
សប្បាយ	ចិត្ត	525
ការ	ឈឺចាប់	524
ក្នុង	គោលបំណង	524
និង	កំពុង	524
មិន	ឃើញ	524
កូន	អ្នក	523
របស់	រដ្ឋាភិបាល	523
ការ	រស់នៅ	522
គឺ	ដើម្បី	522
ជា	មិន	522
ក្រសួង	ការពារ	521
ដែល	ថា	521
ពាក់	ស្លាកលេខ	521
ពួកគេ	អាច	521
គេហទំព័រ	ភ្នាល់	519
បណ្តោយ	ផ្លូវ	519
ផ្តល់	សេវា	519
មូលហេតុ	ដែល	519
សមត្ថកិច្ច	បាន	518
អំពើ	ហិង្សា	518
នៅ	ពី	517
រៀបចំ	ការ	517
បាន	ប្រាក់	516
បើ	ទោះបីជា	516
លក្ខណៈ	ពិសេស	513
អ្នក	ក៏	512
ការ	រីកចម្រើន	511
និង	ក្រុម	511
ផ្លូវ	ច្បាប់	511
ជូន	ប្រជា	510
តាម	បណ្តោយ	510
ថ្លែង	អំណរគុណ	510
ល្បែង	ស៊ីសង	510
ការ	ចោទប្រកាន់	509
ក្រុម	ជម្រើស	509
នៅ	សល់	509
យោងតាម	ការ	509
សប្តាហ៍	មុន	509
ពី	ភាព	508
ព្រោះ	ថា	508
ក្នុង	ពិភព	507
ឃើញ	មាន	507
ដែល	ការ	507
ការ	អប់រំ	506
ខុស	ពី	506
ទាន់	មាន	506
ធានា	ថា	505
ផ្តល់	ការ	505
មួយចំនួន	ដែល	505
ស្នងការដ្ឋាន	នគរបាល	505
ខេត្ត	កំពង់ចាម	504
ជនជាតិ	ចិន	504
កម្មវិធី	នេះ	503
ការ	យល់ដឹង	503
នូវ	ភាព	503
ប្រទេស	វៀតណាម	503
អ្នក	ដំណើរ	503
ដាក់	ចេញ	502
ទូទាំង	ពិភព	502
របស់	ចិន	501
ហើយ	ជា	501
និង	ទទួល	500
ត្រូវបាន	ធ្វើ	499
ទាំងអស់	នេះ	499
នៅ	វេលា	498
កាន់តែ	ខ្លាំង	497
គាត់	មាន	497
ហើយ	ខ្ញុំ	497
ការ	បើក	496
ខាង	ក្រោយ	496
ជាមួយ	ក្រុម	495
នាពេល	បច្ចុប្បន្ន	495
អោយ	មាន	495
គឺ	លោក	494
ទាន់	បាន	494
ការ	ទិញ	493
បង់	លុយ	493
ពី	របៀប	492
ពុំ	មាន	492
កំពុង	មាន	491
ការ	ប្រកួតប្រជែង	490
ជា	ផ្នែក	490
ដែល	មនុស្ស	489
នៅ	មុន	489
នៅតែ	មាន	489
បើ	មាន	489
ការ	ខូចខាត	487
នេះ	នៅ	487
បំផុត	នៅ	487
លើ	វិស័យ	487
ជា	កន្លែង	486
ហើយ	ដែល	486
ជាច្រើន	បាន	485
ទៅ	នេះ	485
មាន	សុវត្ថិភាព	485
ជួយ	សង្គ្រោះ	484
មាន	ជំងឺ	484
ការ	យកចិត្ត	483
លោក	ប្រធានាធិបតី	483
ការ	សាងសង់	482
ខេត្ត	កំពង់ធំ	482
ដើម្បី	ចូលរួម	482
ការ	កសាង	481
បាន	កំណត់	481
សេចក្តី	រាយការណ៍	480
ក្នុង	ក្រុង	479
បញ្ជាក់	ពី	479
បាន	ត្រឹមត្រូវ	479
ធ្វើ	តាម	478
ការ	វិភាគ	477
ចូលរួម	ជាមួយ	477
បាន	ឡើយ	477
ផ្ទះ	របស់	477
ពេល	ថ្មី	477
មុន	នេះ	476
សប្តាហ៍	នេះ	476
ដើម្បី	ផ្តល់	475
ការ	ប្រកាស	474
និង	មន្ត្រី	474
បណ្តាល	មកពី	474
បំផុត	ក្នុង	474
ពិត	ណាស់	474
ថ្នាក់	ជាតិ	473
ភាព	ជោគជ័យ	473
សប្បាយ	រីករាយ	473
ឱ្យ	ដឹង	472
ហ្គេម	កាស៊ីណូ	471
ការ	ចាប់អារម្មណ៍	470
ខេត្ត	កំពត	470
របស់	លោកអ្នក	470
បាកា	រ៉ាត	469
បាន	ថា	469
បាន	នៅ	469
ពួកគេ	មិន	469
កាន់	អំណាច	468
ចុះ	មក	468
ដែល	ខ្លួន	468
អ្នក	ធ្វើ	468
ចំពោះ	មុខ	467
ដែល	បាញ់	466
ប្រាប់	អ្នក	466
ការ	ប្រើ	465
ធំ	បំផុត	465
បំផុត	របស់	464
ប្រទេស	នេះ	464
មក	នូវ	464
អ្នក	ប្រើ	464
ក្នុង	កិច្ចប្រជុំ	463
ដំណឹង	ដ៏	463
ធ្វើ	ទៅ	463
និយាយ	អំពី	463
ពី	លោក	463
ភាព	តានតឹង	463
មក	ស្គាល់	463
ខ្លួន	ជា	462
ឆ្ងាយ	ពី	462
ជំរុញ	ឱ្យ	462
យើង	ក៏	462
ត្រឡប់	ទៅ	461
ខ្ញុំ	ឃើញ	460
តាម	ច្បាប់	460
បាន	ដោយ	460
មួយចំនួន	ទៀត	460
ជំងឺ	មហារីក	459
ដោយសារ	ការ	459
ខេត្ត	កំពង់ស្ពឺ	458
ទៀត	នឹង	458
មនុស្ស	គ្រប់	457
ដែលមាន	ឈ្មោះ	456
នឹង	ថ្ងៃ	456
អំពើ	ពុករលួយ	456
ចិន	បាន	455
ដ៏	រំភើប	455
ប្រភេទ	នេះ	455
លេខ	ទូរស័ព្ទ	455
សំខាន់	មួយ	455
ទំនង	ជា	454
ធ្វើឱ្យ	អ្នក	454
រូបនេះ	បាន	454
គឺជា	អ្នក	453
នឹង	ក្លាយជា	452
នៅលើ	បណ្តាញ	452
មាន	សំឡេង	452
ល្អ	ឥតខ្ចោះ	452
ធ្វើ	យ៉ាងណា	451
ប្រព្រឹត្ត	ទៅ	451
ដែល	នាង	450
ដោយ	អ្នក	450
នគរបាល	ជាតិ	450
អនុវត្ត	តាម	450
នា	ព្រឹក	449
ពណ៌	ខ្មៅ	449
មិន	ខាន	449
ការ	ជ្រើសរើស	448
អនឡាញ	ឥត	448
គឺ	ត្រូវ	447
ប្រកួត	បាល់ទាត់	447
ការ	បញ្ជាក់	446
ហើយ	នឹង	446
ការ	សម្រេចចិត្ត	445
បាន	ដែរ	445
ស្មើ	នឹង	445
មើលឃើញ	ថា	444
រដ្ឋមន្ត្រី	ការបរទេស	443
ក្រសួង	អប់រំ	442
ខ្ញុំ	សូម	442
គ្នា	ទៅវិញទៅមក	442
ជា	អ្វី	442
ក្នុង	បន្ទប់	441
ជា	លទ្ធផល	441
ការ	ដោះស្រាយ	440
ក្នុង	សង្កាត់	440
ដើម្បី	បង្កើត	440
លទ្ធផល	នៃ	440
ខេត្ត	កំពង់ឆ្នាំង	439
ដែល	ចង់	439
បញ្ចូល	គ្នា	439
អញ្ជើញ	ចូលរួម	439
កាន់តែ	ប្រសើរ	438
ក្នុង	ថ្ងៃ	438
នៅពេល	អ្នក	438
អ្នក	ភូមិ	438
ខេត្ត	កោះកុង	437
គេហទំព័រ	របស់	437
ធ្វើការ	នៅ	437
ផ្ទៃ	ដី	437
មួយ	សម្រាប់	437
ការ	ពិនិត្យ	436
ក្រោយ	ការ	436
នាយករដ្ឋមន្ត្រី	នៃ	436
ផ្ទុយ	ទៅវិញ	436
ព្រះ	អាទិត្យ	436
ខេត្ត	ស្វាយរៀង	435
ខ្ញុំ	គិត	435
ជា	សាធារណៈ	435
ទាំងអស់	ដែល	435
គាំទ្រ	ដល់	434
ស្គាល់	ថា	434
អាស្រ័យ	លើ	434
នៅ	ក្រោម	433
មាន	អាយុ	433
យ៉ាង	នេះ	433
សម្តែង	ការ	433
កន្លងមក	នេះ	432
ប្រធាន	មន្ទីរ	432
មាន	សមត្ថភាព	432
មួយ	របស់	432
ជនជាតិ	ខ្មែរ	430
ថត	រូប	430
ហេតុអ្វី	បាន	429
មាន	នៅ	428
ជា	ប្រទេស	427
ដើម្បី	បង្កើន	427
តើ	មាន	427
ជា	ភាសា	426
បាន	កើន	426
ការ	ផ្សាយ	425
ក្នុង	សង្គម	425
ដែល	បង្ហាញ	425
ទើប	ទៅ	425
បាន	ដឹកនាំ	425
មិន	ដឹងថា	425
ឃុំ	ខ្លួន	424
នៅ	ជិត	424
ជា	ប្រភេទ	423
ដែរ	ឬ	422
ដៃដល់	ដែល	422
នៅលើ	ពិភព	422
មិន	ចេះ	422
ដែល	គួរ	421
លោក	មាន	421
ពេញ	មួយ	420
ព័ត៌មាន	ពេញនិយម	420
ល្បឿន	លឿន	420
ការ	បង្វិល	419
គឺជា	រឿង	419
ត្រូវបាន	ប្រើ	419
ទោះជា	យ៉ាងណាក៏ដោយ	419
បើ	មិន	419
ប្រទេស	អាស៊ីអាគ្នេយ៍	419
អ្នក	ជា	419
ការ	ចាក់	418
ការ	ប្រែប្រួល	418
ទទួល	បន្ទុក	418
ទៀត	ហើយ	418
ខ្មែរ	ឡូត	417
បាន	សម្តែង	417
ប្រទេស	កូរ៉េ	417
ហើយ	នោះ	417
ចំនួន	អ្នក	416
ពលរដ្ឋ	ដែល	416
ឱកាស	នោះ	416
កូន	របស់	415
គឺ	បាន	415
បន្ត	ការ	415
មាន	អ្វី	415
អោយ	ដឹងថា	415
អ្នក	លក់	415
ការ	ព្រួយបារម្ភ	414
ខ្ញុំ	ក៏	414
ជឿជាក់	ថា	414
និង	ជួយ	414
នៃ	កម្ពុជា	414
ម្នាក់	ឯង	414
ឡើង	កាលពី	414
ឃើញ	ភ្ញៀវ	413
ជូន	នូវ	413
ប្រដាប់	អាវុធ	413
មិន	គិត	413
កំពុង	ធ្វើ	412
ខ្ទង់	ម៉ឺន	412
បង់	ប្រាក់	412
ប្រហារ	ស្ត្រី	412
របស់	គណបក្ស	412
ត្រូវបាន	ដាក់	411
របស់	ជន	411
ការ	កាត់	410
ទៀត	នៅ	410
បាន	ធ្លាក់	410
ឡើង	ដល់	410
ផ្សេង	គ្នា	409
មួយ	បាន	409
រំពឹង	ទុក	409
ការ	ត្រួតពិនិត្យ	408
ការ	បាត់បង់	408
រាល់	ការ	408
អគ្គ	មហា	408
អ្នក	ផ្តល់	408
ឯ	ណោះ	408
គឺ	នៅ	407
ភ្ញៀវ	រត់	407
លុយ	រៀន	407
ល្ងាច	ថ្ងៃ	407
ការ	ស្វែងរក	406
កិច្ចការ	របស់	406
ក្លាយជា	ច្របូកច្របល់	406
គេ	ឃើញ	406
ចេញ	ប្រសាច	406
ដ	ពី	406
ដែល	ធ្លាប់	406
ធ្វើ	បុណ្យ	406
ធ្វើការ	ជាមួយ	406
នគរបាល	ស្រុក	406
នាយក	ប្រតិបត្តិ	406
នៅ	ក្រុង	406
យើង	ភាន់ភាំង	406
ស្ថានការណ៍	ក្លាយជា	406
អ្នក	ចូលរួម	406
ជាតិ	កម្ពុជា	405
ទៅ	ធ្វើ	405
សាលា	កូន	405
ស្គាល់	សាលា	405
អាច	យក	405
ឆ្នាំ	បង់	404
នឹង	ចាប់ផ្តើម	404
បាន	នាំ	404
រៀន	ខ្ទង់	404
កាន់	ប្រទេស	403
ការ	មិន	403
ទប់ស្កាត់	ការ	403
យ៉ាង	ឆាប់រហ័ស	403
ការ	សម្រេច	402
នឹង	ជំងឺ	402
នោះ	ក៏	402
រួម	ជាមួយ	402
អ្នក	វិភាគ	402
ដោយសារតែ	ការ	401
វិល	ត្រឡប់	401
អ្នក	ចូលចិត្ត	401
កាកបាទក្រហម	កម្ពុជា	400
ការ	ប្រយុទ្ធ	400
ក្នុង	ស្ថានភាព	400
ជា	ព្រះ	400
ដំបូង	របស់	400
នាយ	ឧត្តមសេនីយ៍	400
នឹង	បង្ហាញ	400
សម្តេច	អគ្គ	400
ឈាន	ទៅ	399
ដែល	ជួយ	399
ទាំង	បី	399
ព័ត៌មាន	បន្ថែម	399
គ្នា	នៅ	398
អ្នក	គ្រប់គ្រង	398
ក្នុង	សេចក្តី	397
ក្លាយ	ទៅជា	397
ដើម	ឆ្នាំ	397
នាំ	មុខ	397
នៃ	ក្រសួង	397
ផ្ទាល់ខ្លួន	របស់	397
មាន	ឥទ្ធិពល	397
ឆ្លើយតប	ទៅ	396
និយាយ	ពី	396
ហេតុការណ៍	នេះ	396
ការ	ទទួលខុសត្រូវ	395
កាលពី	ម្សិលមិញ	395
ចូលទៅ	កាន់	395
អ្នក	ស្រាវជ្រាវ	395
បញ្ជា	ទិញ	394
មន្ត្រី	ជំនាញ	394
មាន	ទីលំនៅ	394
ដែល	រស់នៅ	393
នឹង	បញ្ហា	393
ហើយ	អាច	393
ចំណែក	ឯ	392
នាក់	ទៀត	392
អ្នក	គួរ	392
ក្នុង	រឿង	391
ខេត្ត	តាកែវ	391
ជា	បញ្ហា	391
ជា	បន្ទាន់	391
ប៉ុន្មាន	ឆ្នាំ	391
កុំ	ឱ្យ	390
ក្នុង	ខ្លួន	390
ធនធាន	មនុស្ស	390
ប្រសិទ្ធិ	ភាព	390
សរុប	ចំនួន	390
សូម	ទស្សនា	390
ជួយ	ឱ្យ	389
តែ	មិន	389
បាន	ពី	389
ប្រទេស	បារាំង	389
មាន	សុខភាព	389
លាន	រៀល	389
សាច់	ញាតិ	389
អត់	មាន	389
ទោះជា	យ៉ាងណា	388
នៅ	រសៀល	388
មន្ត្រី	ជាន់ខ្ពស់	388
មួយ	ដែលមាន	388
ក្មេង	ប្រុស	387
គ្រាប់	បាល់	387
ដល់	ចំណុច	387
ដែល	ល្អ	387
ទន្លេ	មេគង្គ	387
បន្តទៀត	ថា	387
រស់នៅ	ភូមិ	387
អាច	និយាយ	387
ដែល	គ្មាន	386
នៅលើ	គេហទំព័រ	386
ប្រមាណ	ជា	386
រដូវ	ក្តៅ	386
ចាប់	យក	385
ចូលរួម	ចំណែក	384
ចេញ	សេចក្តី	384
ព័ត៌មាន	ពី	384
មាន	ទំហំ	384
ក្រសួង	បរិស្ថាន	383
ដឹកនាំ	របស់	383
ទាន់	ពេលវេលា	383
និង	អន្តរជាតិ	383
នឹង	ធ្វើឱ្យ	383
បាន	និង	383
រដ្ឋាភិបាល	កម្ពុជា	383
របស់	ប្រជាជន	383
ហើយ	លោក	383
ការ	ឆ្លើយតប	382
គណៈកម្មាធិការ	ជាតិ	382
អាន	បន្ថែម	382
ជា	ក្រុម	381
បន្ទាប់ពី	បាន	381
បាន	អោយ	381
មិន	ស្គាល់	381
មួយ	ខែ	381
ការ	ចូល	380
ការ	លើក	380
កាលពី	ព្រឹក	380
ទំព័រ	ហ្វេសប៊ុក	380
ធ្វើឱ្យ	មាន	380
មិន	ព្រម	380
អោយ	អ្នក	380
តាម	នីតិវិធី	379
បាន	ស្នើ	379
ដែល	ក្នុង	377
ណា	ម្នាក់	377
និង	កូន	377
បាន	រាយការណ៍	377
លោក	នឹង	377
ហើយ	ពួកគេ	377
ឱ្យ	កាន់តែ	377
មាន	រឿង	376
សំខាន់	ក្នុង	376
អោយ	បាន	376
អ្នក	ទទួល	376
ដែល	ព្រះ	375
បាន	ប្រើ	375
ប្រធាន	ក្រុម	375
ហើយ	ក្នុង	375
ជំរុញ	ការ	374
ដើម្បី	ដោះស្រាយ	374
ដែល	បណ្តាល	374
បន្ថែម	ពី	374
អាមេរិក	បាន	374
គ្រោង	នឹង	373
មាន	ទំនាក់ទំនង	373
ម៉ាស៊ីន	រន្ធ	373
យល់	ពី	373
អ្នក	ដែលមាន	373
តាម	ប្រភព	372
បាន	រៀបរាប់	372
មាន	បំណង	372
អាច	កើត	372
ប៉ុន្តែ	ការ	371
មក	នេះ	371
លើ	អ្នក	371
វិស័យ	ទេសចរណ៍	371
ចំ	នុច	370
ដើម្បី	យក	370
ហើយ	បើ	370
ការ	ដែល	369
ការ	ធ្លាក់	369
ការ	នាំចេញ	369
គួរ	ដឹង	369
និង	ដឹកជញ្ជូន	369
រួចមក	ហើយ	369
អាច	ទៅ	369
អាច	ធ្វើឱ្យ	369
កម្ពុជា	មាន	367
ការ	អនុញ្ញាត	367
ខ្ញុំ	ចង់	367
ចក្រភព	អង់គ្លេស	367
ដាក់	ឱ្យ	367
ណាត់	ជួប	367
តិច	ជាង	367
ការ	ចាប់ផ្តើម	366
ខ្ពស់	បំផុត	366
នាំពាក្យ	ក្រសួង	366
ប៉ុន្តែ	អ្នក	366
ប្រុស	របស់	366
ភាព	ខុសគ្នា	366
រងគ្រោះ	បាន	366
ហើយ	ត្រូវបាន	366
អ្នក	នយោបាយ	366
ការ	ប្រុងប្រយ័ត្ន	365
និង	ខេត្ត	365
មាន	កូន	365
មាន	ប្រយោជន៍	365
ជា	តារា	364
ប្រភព	ពី	364
របស់	អាមេរិក	364
អ្នក	នូវ	364
នៅ	ចំពោះ	363
លោក	មិន	363
ឱ្យ	ចាប់អារម្មណ៍	363
ការ	បាញ់	362
នឹង	បាន	362
បក្ស	ប្រឆាំង	362
បាន	អំពាវនាវ	362
ពលរដ្ឋ	នៅ	362
សំខាន់	បំផុត	362
ក្នុង	ជំនួប	361
ដោយ	ផ្អែក	361
ថា	ពួកគេ	361
ទឹក	ភ្លៀង	361
យ៉ាង	ដូច្នេះ	361
ឡើង	ជា	361
ចេញ	មុខ	360
ជាមួយ	លោក	360
ដូច្នេះ	អ្នក	360
ដំណើរ	ទស្សនកិច្ច	360
ទៅ	លេង	360
ក្រុមហ៊ុន	ផលិត	359
ដែល	ទើប	359
ពី	កន្លែង	359
មនុស្ស	ស្រី	359
មាន	លទ្ធភាព	359
ដាក់	ទណ្ឌកម្ម	358
ដ៏	គួរ	358
អាច	ផ្តល់	358
អាជីវកម្ម	របស់	358
ការ	ដឹកជញ្ជូន	357
ក្នុង	ព្រះ	357
ខេត្ត	ព្រះវិហារ	357
ងាយស្រួល	ក្នុង	357
ចុះ	ពិនិត្យ	357
ជា	ហេតុ	357
តាម	ប្រព័ន្ធ	357
រាយការណ៍	ថា	357
ស្វែងយល់	ពី	357
កាលពី	យប់	356
ក្លាយជា	អ្នក	356
និង	នៅ	356
បន្ទាប់ពី	មាន	356
មក	ទល់	356
រវាង	ប្រទេស	356
ឥណទាន	ឥត	356
ជា	សះស្បើយ	355
ដក	ប្រាក់	355
ឡើង	នូវ	355
ការ	សម្តែង	354
ជាច្រើន	ឆ្នាំ	354
ដ៏	ស្រស់ស្អាត	354
ថែមទៀត	ផង	354
នៃ	គណៈអភិបាល	354
ការ	យក	353
ក្នុង	កិច្ច	353
ក្នុង	បញ្ជី	353
នៅ	សាលា	353
មហា	សេនាបតី	353
រាប់	រយ	353
គ្មាន	អ្វី	352
និង	ហិរញ្ញវត្ថុ	352
បើ	អ្នក	352
យ៉ាង	ច្បាស់	352
ឬ	អ្នក	352
ការ	ស៊ើបអង្កេត	351
ជា	ញឹកញាប់	351
ជំងឺ	នេះ	351
ដែល	ទាក់ទង	351
ដែល	បង្ក	351
ពី	ក្រុម	351
អ្នក	ទិញ	351
ចេញ	នូវ	350
ជា	កូន	350
ជាច្រើន	នាក់	350
បើ	យើង	350
ភាសា	អង់គ្លេស	350
ម៉ឺន	នាក់	350
ប្រកប	របរ	349
ក្នុង	ផ្នែក	348
ខេត្ត	ក្រចេះ	348
ហើយ	ត្រូវ	348
ការ	គិត	347
នៃ	ភាព	347
បាន	ហើយ	347
សម្រាប់	មនុស្ស	347
ភាព	មិន	346
សេនាបតី	តេជោ	346
ចុង	ឆ្នាំ	345
បាន	គ្រប់	345
មកពី	ប្រទេស	345
លើ	ផ្ទៃ	345
អធិការដ្ឋាន	នគរបាល	345
ពី	គ្នា	344
រៀបចំ	ឡើង	344
ការ	បណ្តុះបណ្តាល	343
ដើម្បី	រក្សា	343
ដែល	ពាក់ព័ន្ធ	343
បុណ្យ	ចូលឆ្នាំ	343
បើក	រថយន្ត	343
ព្រះ	រាជអាជ្ញា	343
ម្នាក់	នេះ	343
យ៉ាង	សំខាន់	343
ក្រុម	របស់	342
គេ	អាច	342
មក	ជាមួយ	342
លើ	បញ្ហា	342
ការ	គំរាមកំហែង	341
ក្នុង	ព្រឹត្តិការណ៍	341
ក្រុង	ព្រះសីហនុ	341
ការ	រិះគន់	340
ខ្សែ	បម្រើ	340
គម្រោង	នេះ	340
ដើម្បី	ធ្វើឱ្យ	340
រឿង	ដែល	340
ជា	ក្រុមហ៊ុន	339
បាន	ជំរុញ	339
ការ	ពង្រឹង	338
ការ	មាន	338
នូវ	អ្វី	338
បង្ក	ឱ្យ	338
បើក	ដំណើរការ	338
ព័ត៌មាន	លម្អិត	338
ម៉ឺន	រៀល	338
រក	លុយ	338
ជួប	ជាមួយ	337
ដំបូង	គេ	337
បាន	ណែនាំ	337
មាន	កម្រិត	337
អាច	ធ្វើការ	337
ខ្លះ	ទៀត	336
ទំនាក់ទំនង	ជាមួយ	336
បាត់បង់	ជីវិត	336
ប្រមាណ	ជាង	336
មាន	ព្រះ	336
របស់	សហរដ្ឋ	336
លោក	ឧកញ៉ា	336
ការ	បង្កើន	335
កាស៊ីណូ	ឥត	335
នឹង	ធ្វើការ	335
ប៉ុន្មាន	ថ្ងៃ	335
ផ្តល់	ឱកាស	335
មន្ត្រី	នគរបាល	335
អាច	បណ្តាល	335
ចង់	ដឹង	334
ដល់	សុខភាព	334
ត្រលប់	មក	334
នៅ	នឹង	334
ពី	អ្វី	334
ព្យាបាល	ជំងឺ	334
លី	គ	334
លេង	នៅ	334
ល្បី	ឈ្មោះ	334
សរសៃ	ឈាម	334
ជាមួយ	ការ	333
នៅ	គ្រប់	333
បាន	ចំណាយ	333
នេះ	កើត	332
ផ្សារ	ទំនើប	332
ភាគី	ទាំង	332
រូប	លោក	332
កម្រិត	ខ្ពស់	331
គ្មាន	ប្រាក់	331
និង	ត្រូវ	331
ការ	ផ្គត់ផ្គង់	330
ដ៏	ល្បី	330
ថា	បាន	330
ធនធាន	ធម្មជាតិ	330
មាន	សិទ្ធិ	330
មាន	ឡើង	330
ក៏ដូចជា	ការ	329
ក្នុង	រាជធានីភ្នំពេញ	329
ដូច្នេះ	ថា	329
និង	ក្រុមហ៊ុន	329
នៅ	មុខ	329
បង្ហាញ	នូវ	329
ពី	បញ្ហា	329
មួយ	សប្តាហ៍	329
ម្យ៉ាងវិញ	ទៀត	329
របស់	រដ្ឋ	329
សេចក្តី	ព្រាង	329
ខ្លួន	អ្នក	328
និង	ទី	328
ប្រាក់	កក់	328
មាន	ផ្ទុក	328
ល្បែង	អនឡាញ	328
សាលាដំបូង	ខេត្ត	328
ខ្សែ	ការពារ	327
គិត	ត្រឹម	327
ដែលមាន	តម្លៃ	327
តម្រូវ	ឱ្យ	327
នោះ	ជា	327
ហត្ថលេខា	លើ	327
ខេត្ត	ត្បូងឃ្មុំ	326
គណបក្ស	ប្រឆាំង	326
ឈានមុខ	គេ	326
ទាក់ទង	ទៅ	326
នៅ	ដើម	326
ពេញ	ទំហឹង	326
មាន	ព័ត៌មាន	326
កាស៊ីណូ	បន្តផ្ទាល់	325
ដែល	ស្ថិតនៅ	325
មិន	ធ្វើ	325
អតិថិជន	របស់	325
អំពាវនាវ	ដល់	325
បញ្ជាក់	ផងដែរ	324
បំផុត	មួយ	324
ព្រះ	ពុទ្ធសាសនា	324
សន្តិសុខ	សង្គម	324
សេចក្តី	សម្រេច	324
ការ	ឈ្នះ	323
កីឡា	បាល់ទាត់	323
ក្រោម	អធិបតីភាព	323
បាន	រង	323
សូម	ជម្រាប	323
អត្ថបទ	នេះ	323
ការ	គោរព	322
ក្នុង	ទីផ្សារ	322
គេ	ហៅថា	322
នេះ	ទៅ	322
អ្នក	ឆ្លង	322
អ្នក	ត្រូវតែ	322
ក្រសួង	កសិកម្ម	321
ក្រៅពី	នេះ	321
គិត	ពី	321
ដែលមាន	ភាព	321
ថ្លៃ	កាស៊ីណូ	321
បង្ក	ការ	321
ពី	ថ្ងៃ	321
តែងតែ	មាន	320
ប្រចាំ	នៅ	320
វា	មិនមែន	320
សេចក្តី	ជូនដំណឹង	320
អ្នក	ឱ្យ	320
ដើម្បី	ជា	319
ដោយ	ក្នុង	319
តាំងពី	ឆ្នាំ	319
ប្រឈមមុខ	នឹង	319
មែន	ទេ	319
អ្នក	ស្លាប់	319
ការ	ជួញដូរ	318
ដឹង	ទៀត	318
ដើម្បី	ស្វែងរក	318
បំពេញ	ការងារ	318
ប្រកាស	ព័ត៌មាន	318
មួយ	ដើម្បី	318
ការ	ជំរុញ	317
កំណើន	សេដ្ឋកិច្ច	317
បា	ល	317
មាន	វត្តមាន	317
ក្នុង	ឃុំ	316
តាម	ពិត	316
តាម	សេចក្តី	316
នាក់	ដែល	316
នៅ	ម៉ោង	316
ផ្លូវ	លេខ	316
មាន	រយៈពេល	316
សង្គម	ហ្វេសប៊ុក	316
គុណភាព	ខ្ពស់	315
ជន	បរទេស	315
ដែល	ប្រើ	315
ប្រទេស	ឥណ្ឌា	315
សួរ	នាំ	315
ការ	ដក	314
ខណ្ឌ	ពោធិ៍សែនជ័យ	314
បាន	គូសបញ្ជាក់	314
ប៉ុន្តែ	មិន	314
កាន់	តំណែង	313
ការ	ចរចា	313
គ្មាន	នរណា	313
ដើម	ខែ	313
ភ្នាល់	កីឡា	313
យ៉ាង	ងាយស្រួល	313
ក្នុង	មូលដ្ឋាន	312
នាពេល	នេះ	312
យើង	ទាំងអស់	312
រឿង	មួយ	312
ជា	ស្រេច	311
បាន	លើក	311
ប្រទេស	រុស្ស៊ី	311
អ្នក	ទស្សនា	311
ខេត្ត	ព្រៃវែង	310
ដង	ផ្លូវ	310
របប	អាហារ	310
អ្នក	ប្រដាល់	310
ច្រើន	ជាងគេ	309
តែ	ម្នាក់	309
ថា	គាត់	309
ផ្លូវ	គោក	309
ពេល	មាន	309
រយៈពេល	ប៉ុន្មាន	309
ខ្ញុំ	អាច	308
គ្រប់	ទីកន្លែង	308
ចាត់ទុកថា	ជា	308
ទៅ	បុក	308
បើ	ទោះជា	308
អ្នក	កាសែត	308
កិច្ច	សហការ	307
ចុង	សប្តាហ៍	307
តាម	ដែល	307
ប្រព័ន្ធ	ប្រតិបត្តិការ	307
ពិតជា	បាន	307
ក្នុង	សហគមន៍	306
ដើម្បី	កាត់	306
លើក	នេះ	306
ការ	អញ្ជើញ	305
គាត់	មិន	305
ដោយ	ស្វ័យប្រវត្តិ	305
តំបន់	នេះ	305
នេះ	ធ្វើ	305
ក្នុង	គ្រួសារ	304
ក្រុង	ភ្នំពេញ	304
ខ្លួន	ក្នុង	304
គណបក្ស	នយោបាយ	304
តាម	អនឡាញ	304
ថា	លោក	304
នាពេល	ខាង	304
បាន	ស្គាល់	304
អ្នក	ពី	304
កម្លាំង	នគរបាល	303
ជា	មធ្យម	303
ត្រូវ	ជា	303
នេះ	ទៅទៀត	303
វគ្គ	បណ្តុះបណ្តាល	303
ការ	ថែទាំ	302
ការ	បិទ	302
តែ	បើ	302
សូវ	មាន	302
ស្រដៀង	គ្នា	302
អាច	បង្ក	302
កិច្ចប្រជុំ	កំពូល	301
គ្នា	បាន	301
គ្រួសារ	របស់	301
ឈាន	ចូល	301
តាម	បែប	301
ទឹក	ស្អាត	301
និមិត្ត	សញ្ញា	301
រថយន្ត	ដឹក	301
របស់	ពួកគាត់	301
និយាយ	បាន	300
អភិបាលរង	ខេត្ត	300
កាន់តែ	ច្បាស់	299
ការ	ចាប់	299
ការ	បញ្ចុះតម្លៃ	299
ច្បាប់	ស្តីពី	299
ទ្វេ	ភាគី	299
ធ្វើ	នៅ	299
ធ្វើ	ពី	299
និង	ការពារ	299
បាន	តែ	299
មក	លេង	299
យក	ព័ត៌មាន	299
របស់	អតិថិជន	299
ការ	បន្ត	298
ក្រសួង	ព័ត៌មាន	298
នាពេល	អនាគត	298
បាន	ប្រើប្រាស់	298
មកពី	ការ	298
មិត្ត	រួម	298
រៀងរាល់	ឆ្នាំ	298
វា	ពិតជា	298
សូម	ទាក់ទង	298
ឆ្នាំ	ចុងក្រោយ	297
ជំនាន់	ក្រោយ	297
ថ្នាក់	ក្រោម	297
ប្រាក់	ចំណេញ	297
កម្លាំង	សមត្ថកិច្ច	296
ការ៉ាត់	ឥត	296
កិច្ច	ខិត	296
ខែ	មុន	296
គេ	មាន	296
ទ្រង់	បាន	296
នឹង	នេះ	296
នោះ	អ្នក	296
បាន	ព័ត៌មាន	296
ផ្តល់	ជំនួយ	296
យើង	កំពុង	296
អ្នក	ទាំងអស់	296
ខេត្ត	មណ្ឌលគិរី	295
ងាយ	រងគ្រោះ	295
ជា	ជនជាតិ	295
ជាច្រើន	នៅ	295
ដែល	មិនមាន	295
ប៉ុន្តែ	លោក	295
មាន	សេចក្តី	295
សួរ	សុខទុក្ខ	295
អ្វី	គ្រប់យ៉ាង	295
ការ	តវ៉ា	294
គ្រូ	បង្រៀន	294
ច្រើន	ពេក	294
ថ្មី	ម្តងទៀត	294
អនឡាញ	កាស៊ីណូ	294
ក្នុង	ក្រុម	293
ក្រុង	សៀមរាប	293
ចំនួន	ពីរ	293
ជា	របស់	293
ដែលមាន	គុណភាព	293
ទាំង	ការ	293
ទៅ	ប្រទេស	293
សម្តេច	ក្រឡាហោម	293
ស្ថិតនៅ	ភូមិ	293
អាច	មើលឃើញ	293
កសាង	សំណុំរឿង	292
ការ	ប្រមូល	292
កើត	ជំងឺ	292
ដឹង	អំពី	292
តាម	តម្រូវការ	292
ត្រូវបាន	សមត្ថកិច្ច	292
បាន	ដើរ	292
មាន	ជីវិត	292
គ្នា	នេះ	291
ជា	មូលហេតុ	291
ដែល	តែងតែ	291
នាក់	នៅ	291
និង	ដើម្បី	291
ប្រកួត	កីឡា	291
ប្រើ	ដើម្បី	291
ការ	ជជែក	290
ចាំបាច់	ត្រូវ	290
ឆ្លង	កូ	290
ទៅ	ធ្វើការ	290
និង	ប្រជា	290
ប្រកបដោយ	ភាព	290
ពី	ខាង	290
ពីនេះ	ទៀត	290
លោក	បណ្ឌិត	290
អ្នក	ប្រហែល	290
ក្រុមហ៊ុន	នេះ	289
ដើម្បី	បង្ហាញ	289
នោះ	ហើយ	289
បង្ហោះ	សារ	289
យប់	មិញ	289
ការ	ទទួលទាន	288
ដឹង	ខ្លួន	288
ដែល	មក	288
ត្រូវតែ	មាន	288
បាន	ចំនួន	288
ហើយ	គាត់	288
ក្នុង	ទិសដៅ	287
ដែល	សំខាន់	287
នេះ	មិនមែន	287
នេះ	យើង	287
ពីនេះ	ទៅទៀត	287
យក	ការ	287
រូប	នោះ	287
អ្នក	ត្រូវការ	287
គឺ	ពិតជា	286
ត្រូវ	ចំណាយ	286
នឹង	កើត	286
បាន	បញ្ជូន	286
ព្រះ	ករុណា	286
រាប់	លាន	286
ឧត្តមសេនីយ៍	ឯក	286
ក្នុង	ចិត្ត	285
ដើម្បី	សម្រេច	285
ដែល	រង	285
បាន	ឈ្នះ	285
មាន	ទីតាំង	285
យើង	នៅ	285
អ្នក	ចាត់ការ	285
ការងារ	នៅ	284
គូសបញ្ជាក់	ថា	284
គេហទំព័រ	លេង	284
ចាប់	បាន	284
ដល់	បងប្អូន	284
បាន	លទ្ធផល	284
មួយ	ដ៏	284
រាលដាល	នៃ	284
អាជ្ញាធរ	មូលដ្ឋាន	284
ការ	ផ្ទេរ	283
ការ	អះអាង	283
ខណ្ឌ	សែនសុខ	283
ទៅ	តុលាការ	283
នេះ	អ្នក	283
បើក	ការ	283
យ៉ាង	តិច	283
អនឡាញ	ដោយ	283
ការ	ស្លាប់	282
ទទួលស្គាល់	ថា	282
ទៀត	បាន	282
និង	ប្រជាជន	282
នៅ	រដូវ	282
មួយចំនួន	បាន	282
យើង	ចង់	282
លោក	ក៏បាន	282
សម្រាប់	ឆ្នាំ	282
ការ	និយាយ	281
ច្បាស់	ថា	281
ទស្សនា	វីដេអូ	281
ធ្វើ	បែបនេះ	281
បង	ប្រុស	281
បាន	ឡើង	281
មាន	ចិត្ត	281
ការ	រក្សា	280
ក្រសួង	ការងារ	280
ចេញ	ជា	280
ឆ្នាំ	ថ្មី	280
និង	ចង់	280
នេះ	ដើម្បី	280
ព័ត៌មាន	របស់	280
លោក	វរ	280
ការ	សង្ស័យ	279
ខាង	ស្តាំ	279
គឺ	អាច	279
គ្រប់	ពេល	279
ដើម្បី	កុំ	279
តាម	ប្រពៃណី	279
តើ	វា	279
ថា	ខ្លួន	279
និង	បញ្ហា	279
សាលាដំបូង	រាជធានីភ្នំពេញ	279
អ្នក	វិនិយោគ	279
វា	នៅ	278
សង្ស័យ	ថា	278
ខេត្ត	ពោធិ៍សាត់	277
តម្រូវការ	របស់	277
ធៀប	នឹង	277
នឹង	គ្នា	277
នៅតែ	មិន	277
បញ្ឈប់	ការ	277
ល្អ	មួយ	277
ក្រុមប្រឹក្សា	ឃុំ	276
ចុង	ខែ	276
ទៅ	ចូលរួម	276
បាន	នាំគ្នា	276
បាន	ប្រព្រឹត្ត	276
ប្រទេស	ដែល	276
ប្អូន	ស្រី	276
ផ្តល់	ព័ត៌មាន	276
ភេទ	ស្រី	276
មួយ	ទៅ	276
អាច	បង្កើត	276
អាជ្ញាធរ	ជាតិ	276
ឱ្យ	យើង	276
កាលពី	ដើម	275
ក្នុង	អំឡុង	275
គឺជា	អ្វី	275
គ្នា	ក្នុង	275
ដើម្បី	បំពេញ	275
ដំណើរ	តាម	275
នោះ	មក	275
ការ	ចេញផ្សាយ	274
កាលពី	សប្តាហ៍	274
ខេត្ត	ស្ទឹងត្រែង	274
ជា	មាន	274
ដូច្នេះ	វា	274
ទោះ	យ៉ាងណាក៏ដោយ	274
បាន	បដិសេធ	274
មួយ	ក្រុម	274
សម្រួល	ដល់	274
អាច	នាំ	274
អ្នក	បើក	274
ក្រសួង	សេដ្ឋកិច្ច	273
ខ្ពស់	ជាង	273
ឆ្នេរ	សមុទ្រ	273
ទុកចិត្ត	បាន	273
ព្រះ	រាជា	273
ការ	ធានា	272
ជា	អតីត	272
ជួយ	សម្រួល	272
តំណាង	ឱ្យ	272
នៅ	សហរដ្ឋ	272
បណ្តា	ខេត្ត	272
ការ	មក	271
ជា	ថ្ងៃ	271
ដែល	ក្រុម	271
ត្រូវបាន	ផ្តល់	271
នគរបាល	ខណ្ឌ	271
នៅពេល	នោះ	271
ស្នងការ	នគរបាល	271
ការ	ឡើង	270
ដោយ	ក្រុម	270
តូច	មួយ	270
ទើប	អាច	270
ធ	រ	270
បន្ថែម	លើ	270
បាន	មកពី	270
សួរ	ថា	270
ការ	រំពឹង	269
ក្រសួង	ទេសចរណ៍	269
ចុះ	ថ្ងៃ	269
នយោបាយ	របស់	269
នៅតែ	ជា	269
យើង	ជា	269
លើ	ក្រុម	269
លើកឡើង	របស់	269
ហើយ	និង	269
ការ	ប្តេជ្ញាចិត្ត	268
ខ្លួន	ទៅ	268
គេ	នៅ	268
ឆ្នាំ	ហើយ	268
ជា	លក្ខណៈ	268
ធានា	បាន	268
មិន	ធម្មតា	268
យ៉ាង	ធ្ងន់ធ្ងរ	268
រងគ្រោះ	ឈ្មោះ	268
រស់នៅ	របស់	268
អ្នក	ក្នុង	268
នាង	មាន	267
និង	គ្មាន	267
ពី	ប្រជា	267
ម្តាយ	របស់	267
ម្សិលមិញ	នេះ	267
ច្បាប់	នេះ	266
ដើម្បី	រក	266
និង	នេសាទ	266
បាន	បង្ក	266
ប្រធានាធិបតី	អាមេរិក	266
ប្រភេទ	នៃ	266
ពិធី	នេះ	266
យ៉ាង	សកម្ម	266
រង្វាន់	កាស៊ីណូ	266
លោក	ខាង	266
លោក	វេជ្ជបណ្ឌិត	266
អាច	លេង	266
អ្វី	ទាំងអស់	266
ក្រុម	គ្រូពេទ្យ	265
ឆ្លង	មេរោគ	265
ជម្រាប	ថា	265
ជំងឺ	ទឹកនោមផ្អែម	265
ដល់	ប្រទេស	265
ដែល	ត្រូវការ	265
ដោយ	ក្រុមហ៊ុន	265
ទល់	ពេល	265
នេះ	ដោយ	265
បំផុត	នៃ	265
ពី	ផ្ទះ	265
របស់	ពួក	265
សង្កេត	ឃើញថា	265
ឧត្តមសេនីយ៍	ទោ	265
ក្នុង	ន័យ	264
ខ្នាត	តូច	264
ធ្វើ	អាជីវកម្ម	264
បំផុត	ដែល	264
ពីរ	នេះ	264
មក	ចូលរួម	264
រដូវកាល	នេះ	264
វិស័យ	ឯកជន	264
ការ	ថែរក្សា	263
នេះ	វា	263
បាន	ព្យាយាម	263
រង្វាន់	ឥត	263
សកម្មភាព	របស់	263
ហើយ	ពេល	263
ឆ្លង	ជំងឺ	262
ទៅ	មួយ	262
នាទី	យប់	262
បញ្ចូល	ទី	262
ពី	ក្រុមហ៊ុន	262
យក	បាន	262
លេង	បាន	262
អ្នក	វិទ្យាសាស្ត្រ	262
ការ	ទូទាត់	261
ខេត្ត	ប៉ៃលិន	261
គាត់	ជា	261
គ្នា	ជាមួយ	261
ណាមួយ	ដែល	261
តាម	លោក	261
និង	ធ្វើឱ្យ	261
នៃ	កិច្ច	261
នៅ	ភាគ	261
មិន	ទទួល	261
រដ្ឋលេខាធិការ	ក្រសួង	261
ស្ថិត	ក្រោម	261
ការ	វាយតម្លៃ	260
ពេល	ព្រឹក	260
មហា	សេដ្ឋី	260
មើល	ការ	260
របស់	តារា	260
លោក	រដ្ឋមន្ត្រី	260
ក្រោម	ជាតិ	259
ដាក់	ក្នុង	259
ដើម្បី	ទប់ស្កាត់	259
ដែល	នេះ	259
ធ្វើឱ្យ	ប្រសើរ	259
ពីរ	បាន	259
កំពុង	ធ្វើការ	258
ខណ្ឌ	មានជ័យ	258
គ្មាន	អ្នក	258
ជា	កីឡាករ	258
បទ	ពិសោធ	258
យើង	ធ្វើ	258
របស់	រុស្ស៊ី	258
របៀប	លេង	258
លើ	ពិភព	258
អតីត	យុទ្ធជន	258
អ្នក	ផលិត	258
កម្ពុជា	ក្រោម	257
គេ	នឹង	257
ចរាចរណ៍	ផ្លូវ	257
ច្រើន	ទៀត	257
ជនជាតិ	ដើម	257
ទាំង	ក្នុង	257
និយាយ	នៅ	257
នៅ	រាជធានីភ្នំពេញ	257
បាន	ទទួលការ	257
បើ	ប្រៀបធៀប	257
មាន	សមត្ថកិច្ច	257
ឬ	អត់	257
កើត	ចេញ	256
ក្នុង	ភាព	256
ខ្ញុំ	ពិតជា	256
ជាប់	ពាក់ព័ន្ធ	256
ត្រូវបាន	បញ្ជូន	256
លើក	យក	256
សូម	កុំ	256
អញ្ជើញ	ជា	256
អាច	ចូល	256
អ្នក	ឈ្នះ	256
ឱ្យ	ពួកគេ	256
ខ្មែរ	យើង	255
ចាត់ការ	តាម	255
ជម្រាប	ជូន	255
ញ៉ាំ	អាហារ	255
តាម	របៀប	255
នៃ	ជីវិត	255
បាន	ទិញ	255
បាន	សហការ	255
យ៉ាង	ទូលំទូលាយ	255
ស្ត្រី	មាន	255
អ្នក	យក	255
គណនី	ហ្វេសប៊ុក	254
ជា	មូលដ្ឋាន	254
តើ	ការ	254
ធ្វើ	វា	254
បាន	កាន់តែ	254
ប្រទេស	របស់	254
រាងកាយ	របស់	254
សុខភាព	របស់	254
អស់	ពី	254
ក្នុង	សុបិន	253
ក្រសួង	ពាណិជ្ជកម្ម	253
គាំទ្រ	ពី	253
គ្នា	ជា	253
គ្រប់គ្រង	ដោយ	253
ឆ្ពោះទៅ	រក	253
នឹង	នាំ	253
នៅ	ក្នុងស្រុក	253
នៅ	យប់	253
បាន	យូរ	253
ភ្នាល់	បាល់	253
ឡើង	នៃ	253
អាច	កាត់	253
ឬ	មាន	253
ជា	តំបន់	252
ជាមួយ	ប្រទេស	252
នាទី	ព្រឹក	252
និង	បន្ត	252
បាត់	ទៅ	252
ប្រាក់	ឈ្នួល	252
ព្រឹត្តិបត្រ	ព័ត៌មាន	252
មាន	គម្រោង	252
មាន	គ្រោះថ្នាក់	252
លោក	បញ្ជាក់	252
សម	នឹង	252
ហានិភ័យ	នៃ	252
ដើម្បី	បន្ត	251
ទីក្រុង	ភ្នំពេញ	251
និង	កិច្ច	251
នៃ	អង្គការ	251
បង្កើតឡើង	ដោយ	251
បញ្ហា	ដែល	251
ពី	មួយ	251
មាន	វីដេអូ	251
រង	ផលប៉ះពាល់	251
របស់	កូន	251
រយៈពេល	ជាង	251
លោក	ក៏	251
សហព័ន្ធ	កីឡា	251
ឡើង	ដើម្បី	251
ឡើង	ពី	251
ឬ	មិន	251
កំពុង	ស្វែងរក	250
ដុល្លារ	ក្នុង	250
ដែល	ធ្វើការ	250
និង	តំបន់	250
និង	ផ្លូវ	250
សិក្សា	នៅ	250
ហើយ	ទើប	250
ការងារ	នេះ	249
ងូត	ទឹក	249
ជា	បណ្តោះអាសន្ន	249
ដៃ	របស់	249
ត្រូវបាន	រកឃើញ	249
និង	ធ្វើការ	249
និង	លើក	249
ផលិតផល	របស់	249
រយៈពេល	ខ្លី	249
លើ	ផ្លូវ	249
គ្រប់	ពេលវេលា	248
ចន្លោះ	ពី	248
ចុច	លើ	248
ទាំង	សងខាង	248
ទីលំនៅ	ភូមិ	248
បង្កើត	ជា	248
បាន	ចាប់	248
ប្រធាន	គណបក្ស	248
ប្រើ	បាន	248
រួច	ទៅ	248
អ្នក	ប្រកប	248
អ្នក	ស្រុក	248
ឱ្យ	ការ	248
ការ	បញ្ជា	247
គាត់	នៅ	247
គួរ	អោយ	247
ដែល	កំពុងតែ	247
ធ្វើ	ចត្តាឡីស័ក	247
ផ្សាយ	ពាណិជ្ជកម្ម	247
ពី	ព្រះ	247
ភ្នាល់	លើ	247
ឡើង	លើ	247
ការ	ធ្វើឱ្យ	246
កុំ	ភ្លេច	246
គោលដៅ	របស់	246
ជាង	ការ	246
ដល់	ថ្នាក់	246
ដើរ	តាម	246
ដោយ	ភាព	246
ទិសដៅ	ពី	246
និង	ក្រៅ	246
មិន	អនុញ្ញាត	246
លោកអ្នក	អាច	246
សមត្ថភាព	របស់	246
សម្តេច	ព្រះ	246
អ្នក	ទៅ	246
ករណី	ដែល	245
គេ	រំពឹង	245
ចុង	បញ្ចប់	245
ជួប	គ្នា	245
ដែលមាន	នៅ	245
ថ្នាក់	ទី	245
ទោះបីជា	មាន	245
នាក់	ក្នុង	245
ភ្ជាប់	ទៅ	245
ស្លាប់	នៅ	245
ការ	សាកល្បង	244
កាស៊ីណូ	ហ្គេម	244
ក្នុង	សន្និសីទ	244
ខ្ញុំ	ជា	244
ជាតិ	ខ្មែរ	244
ដល់	ព្រះ	244
ត្រូវ	បន្ត	244
នឹង	មក	244
រត់គេច	ខ្លួន	244
លុយ	ពិត	244
ហើយ	នេះ	244
ការ	ចែករំលែក	243
គ្រឿង	បន្លាស់	243
ឆ្នាំ	ក្រោយ	243
ជាមួយ	ក្រុមហ៊ុន	243
នឹង	បើក	243
បង្ហាញ	ការ	243
ប្រកាស	ពី	243
មាន	លុយ	243
ល្អ	ក្នុង	243
សូម	មើល	243
ស្វែងរក	ការ	243
ឱ្យ	កត់សម្គាល់	243
ខ្លាំង	ឡើង	242
ចង់	ឱ្យ	242
ដាក់	លក់	242
ណែនាំ	របស់	242
និង	អង្គការ	242
ពួកគេ	នៅ	242
មក	នៅ	242
មួយ	ផ្សេង	242
អង្គការ	សង្គមស៊ីវិល	242
ការ	រលាក	241
ជា	ជម្រើស	241
ដើម្បី	ពង្រឹង	241
ប៉ុន្តែ	បើ	241
ប្រកបដោយ	ប្រសិទ្ធភាព	241
អាជ្ញាធរ	ខេត្ត	241
ការ	បង្ក្រាប	240
ក្នុង	ប្រព័ន្ធ	240
គណៈអភិបាល	ខេត្ត	240
ជិះ	កង់	240
ដឹង	ហើយ	240
ដែលមាន	ទីតាំង	240
ថា	យើង	240
ធំ	ជាងគេ	240
បើ	ចង់	240
ប្រសិនបើ	មាន	240
ព្រះ	រាជ	240
មនុស្ស	មួយចំនួន	240
មិន	ដល់	240
រយៈពេល	វែង	240
ក្នុង	ទឹក	239
ខេត្ត	រតនគិរី	239
គ្រប់	វិស័យ	239
ដើរ	តួនាទី	239
ដំណាក់កាល	ទី	239
តាម	ទូរស័ព្ទ	239
នូវ	ព័ត៌មាន	239
នៃ	ស្នងការដ្ឋាន	239
នោះ	នឹង	239
នៅតាម	បណ្តា	239
បម្រើ	ការងារ	239
ពី	ជំងឺ	239
ពួកគេ	ក៏	239
មិន	ត្រូវការ	239
មួយ	ជីវិត	239
យក	លុយ	239
រូបភាព	ខាង	239
លេច	ឡើង	239
អាច	ប្រើប្រាស់	239
ក្រុង	ប៉ោយប៉ែត	238
គឺ	យើង	238
ចិន	ខាង	238
ជាមួយគ្នា	នោះ	238
ដើម្បី	ជំរុញ	238
ទាំងអស់	នៅ	238
និង	បង្កើន	238
នឹង	ដាក់	238
បង្ក	ឡើង	238
បាន	ក្នុង	238
បុរស	ដែល	238
ផ្តល់	សេវាកម្ម	238
ព្រះ	នាង	238
មួយ	ណា	238
រំលឹក	ថា	238
កងយោធពល	ខេមរភូមិន្ទ	237
ការ	ចងចាំ	237
ឃុំ	សង្កាត់	237
ត្រូវបាន	កំណត់	237
នេះ	លោក	237
បើ	ធៀប	237
ពីមុន	មក	237
របរ	រកស៊ី	237
ឯកឧត្តម	បណ្ឌិត	237
ក្នុង	កម្រិត	236
គូ	ប្រជែង	236
គ្នា	រវាង	236
ដោយ	គ្រាន់តែ	236
ត្រូវបាន	អនុវត្ត	236
ទីតាំង	នៅ	236
ទៅ	ជួប	236
នៃ	អ្នក	236
បាន	បញ្ជា	236
ប្រទេស	ម៉ាឡេស៊ី	236
ប្រសើរ	ជាង	236
មក	កម្ពុជា	236
មិន	ហ៊ាន	236
របស់	លោកស្រី	236
ខាង	ឆ្វេង	235
គ្រោះថ្នាក់	ដល់	235
ច្រើន	បំផុត	235
ណាស់	ដែល	235
ធ្វើឱ្យ	វា	235
ប៉ុស្តិ៍	នគរបាល	235
ប្រធាន	គណៈកម្មាធិការ	235
មក	រក	235
មនុស្ស	ដែលមាន	235
មិន	តែប៉ុណ្ណោះ	235
សមុទ្រ	ចិន	235
សម្តេច	កិត្តិព្រឹទ្ធបណ្ឌិត	235
សម្ពាធ	ឈាម	235
កើតហេតុ	ខាង	234
ខ្ញុំ	នៅ	234
ចំណងជើង	ថា	234
ដែល	ប្រទេស	234
ដែលមាន	អាយុ	234
ថ្ងៃ	មុន	234
ទីក្រុង	ប៉េកាំង	234
បាន	ប្រគល់	234
ផ្លូវការ	របស់	234
ពិភាក្សា	ការងារ	234
មក	ជា	234
មក	ធ្វើការ	234
យ៉ាង	ដូចម្តេច	234
សាលា	ខេត្ត	234
ហើយ	បន្ទាប់	234
គាំទ្រ	របស់	233
ចំណោម	អ្នក	233
ឆ្នាំ	ទៅ	233
ជាមុន	សិន	233
បាញ់	សម្លាប់	233
អត្ថបទ	ដោយ	233
គាត់	នឹង	232
ចែក	ជូន	232
ជួប	ការ	232
ដល់	កន្លែង	232
ដើម្បី	ឈ្នះ	232
ដែល	អនុញ្ញាត	232
ទៅ	ណា	232
ធ្វើ	បច្ចុប្បន្នភាព	232
បាន	បាត់បង់	232
ពាក្យ	សុំ	232
ពាន់	នាក់	232
ភាគី	ពាក់ព័ន្ធ	232
ម្នាក់	ក្នុង	232
រកស៊ី	ជួញដូរ	232
លើ	កិច្ច	232
ស្លត	ឥត	232
ហ្វេសប៊ុក	របស់	232
អ្នក	ម្តាយ	232
កងកម្លាំង	ប្រដាប់	231
ជក់	បារី	231
ទៅ	ផ្ទះ	231
និង	បង្កើត	231
បន្ទប់	ទឹក	231
ប្រឆាំង	អំពើ	231
ព័ត៌មាន	ថ្មី	231
មក	ធ្វើ	231
មនុស្ស	ប្រុស	231
មិន	ពេញចិត្ត	231
រយៈពេល	មួយ	231
រហូតដល់	ទៅ	231
រៀបចំ	ពិធី	231
វីរុស	កូ	231
សហការ	គ្នា	231
អ្នក	ផ្សេង	231
ការ	ទាមទារ	230
កូន	ខ្មែរ	230
ក្នុង	ដំណើរ	230
គឺ	វា	230
ថែទាំ	សុខភាព	230
ទៀត	នោះ	230
បាន	អនុវត្ត	230
ប្រចាំថ្ងៃ	របស់	230
របស់	ស្ត្រី	230
កាន់តែ	ល្អ	229
គឺ	ដោយសារតែ	229
ចំណុច	កើតហេតុ	229
ដោយ	ជោគជ័យ	229
ដ៏	រឹងមាំ	229
តាម	អ៊ិន	229
នឹង	កន្លែង	229
ប្រគល់	ជូន	229
ពលរដ្ឋ	កម្ពុជា	229
ពេល	អ្នក	229
ម្នាក់	នោះ	229
ឆ្នាំ	រូបនេះ	228
ដាក់	ឈ្មោះ	228
ដើម្បី	ពិនិត្យ	228
ថ្ងៃ	ច័ន្ទ	228
និង	ដាក់	228
និង	សុវត្ថិភាព	228
បាន	សម្លាប់	228
ប្រទេស	មួយ	228
ម្នាក់	ឈ្មោះ	228
ស្នើ	ឱ្យ	228
ការ	លើកកម្ពស់	227
គំនិត	របស់	227
ចង់	ធ្វើ	227
ជើង	ហោះហើរ	227
ជោគជ័យ	ក្នុង	227
ជំងឺ	ឆ្លង	227
ដំណើរ	កម្សាន្ត	227
ថ្មី	ដែល	227
ប៉ុន្តែ	ខ្ញុំ	227
ពោរពេញ	ដោយ	227
រហូតដល់	ថ្ងៃ	227
ឡើង	យ៉ាង	227
ការ	តភ្ជាប់	226
ការ	ពិភាក្សា	226
គឺជា	ផ្នែក	226
ជះ	ឥទ្ធិពល	226
ឈ្មោះ	បោះឆ្នោត	226
ដែលមាន	លក្ខណៈ	226
ធំ	ទូលាយ	226
និង	សង្គម	226
ព្យាបាល	នៅ	226
ភាសា	ខ្មែរ	226
មក	ដាក់	226
របាយការណ៍	របស់	226
ក្នុង	ដៃ	225
ក្រុម	បាល់ទាត់	225
ខ	ណ	225
ឈ្មោះ	ដោយ	225
ដែល	កម្ពុជា	225
ដ៏	ពេញនិយម	225
និង	ក្នុង	225
និង	ចូលរួម	225
បុណ្យ	តាម	225
ពី	មនុស្ស	225
ពួក	អ្នក	225
ព្រលាន	យន្តហោះ	225
មិន	ត្រឹមត្រូវ	225
អ្នក	អាន	225
ករណី	ឆ្លង	224
ក៏	ធ្លាប់	224
ចំណាក	ស្រុក	224
ជាប់	ពន្ធនាគារ	224
ដូចគ្នា	នេះ	224
ថ្លែង	ក្នុង	224
នាង	ខ្ញុំ	224
បន្ត	ទៅ	224
បាន	សម្រេចចិត្ត	224
ផង	នោះ	224
ផុត	ពី	224
ពិត	ដែល	224
ពី	តំណែង	224
មហា	អំណាច	224
មាន	សភាព	224
រក្សា	សិទ្ធិ	224
សម្រាល	កូន	224
ការ	ខិត	223
ការ	បញ្ជូន	223
ការ	បំពេញ	223
ការ	ផ្ទុះ	223
កូនស្រី	របស់	223
ក្នុង	ដំណាក់កាល	223
ក្រោយពី	បាន	223
ខណ្ឌ	ដូនពេញ	223
ងាក	មក	223
ជន	ភៀសខ្លួន	223
ជាពិសេស	គឺ	223
តំបន់	នោះ	223
និង	កម្មវិធី	223
លំដាប់	ថ្នាក់	223
ហៅ	កាត់	223
គឺ	ធ្វើ	222
ងាយ	នឹង	222
ដែន	កំណត់	222
និង	ប្រព័ន្ធ	222
នេះ	ក្នុង	222
នៃ	សេចក្តី	222
នៅ	ផ្នែក	222
ពួកគេ	ត្រូវបាន	222
ភាព	ក្រីក្រ	222
យើង	ត្រូវតែ	222
សម្តែង	នូវ	222
សំណាង	ល្អ	222
ហើយ	នៅពេល	222
អស់	ហើយ	222
អាច	ដាក់	222
ការ	បង្ហោះ	221
ក្រសួង	យុត្តិធម៌	221
គេ	ធ្វើ	221
គេ	មើលឃើញ	221
ជា	ស្ត្រី	221
តែ	អ្នក	221
បញ្ហា	សុខភាព	221
ពលរដ្ឋ	ក្នុង	221
ពី	រឿង	221
រងគ្រោះ	ដោយ	221
លក់	នៅ	221
លំ	ហាត់ប្រាណ	221
អាច	ទុកចិត្ត	221
ខ្លួន	បាត់	220
ដ៏	ល្បីល្បាញ	220
ត្រូវបាន	រៀបចំ	220
នឹង	អ្នក	220
នៅលើ	ផ្លូវ	220
មិន	អស់	220
លើកឡើង	ពី	220
លេខ	កូដ	220
លោក	ជា	220
លោក	នៅ	220
វគ្គ	ផ្តាច់ព្រ័ត្រ	220
អំពី	បញ្ហា	220
ការ	ដំឡើង	219
ការ	ភ័យខ្លាច	219
ក្នុង	បណ្តាញ	219
ក្នុង	ភូមិសាស្ត្រ	219
ក្នុង	ឧស្សាហកម្ម	219
ច្រើន	ឡើង	219
ជា	សញ្ញា	219
ដាក់	បញ្ចូល	219
ដឹង	ដែរ	219
តាមរយៈ	ទំព័រ	219
ត្រូវ	ធ្វើការ	219
ទេ	ដែល	219
នាង	ក៏	219
បន្សល់	ទុក	219
បោះបង់	ចោល	219
ប្រចាំ	កម្ពុជា	219
រក្សាទុក	នៅ	219
របស់	បងប្អូន	219
រឿង	សំខាន់	219
សង្ស័យ	បាន	219
អម	សាលាដំបូង	219
ក្នុង	ដែន	218
ក្នុង	រដ្ឋ	218
គេច	ខ្លួន	218
ចុះ	ជួយ	218
ច្បាស់	ជា	218
ដល់	ក្រុម	218
ដឹកនាំ	ក្រុម	218
ដែល	ក្រុមហ៊ុន	218
ដំបូង	នៃ	218
និង	កាត់	218
និង	ព្រះ	218
បាន	បញ្ចេញ	218
បើ	និយាយ	218
ប្រទេស	ជិតខាង	218
ពឹងផ្អែក	លើ	218
ភាគរយ	នៃ	218
វត្ថុ	ធាតុ	218
ខ្លួន	មាន	217
ដក	ដង្ហើម	217
ដាច់	ដោយឡែក	217
នៃ	ខេត្ត	217
បញ្ចូល	ទាំង	217
ប្រារព្ធ	ពិធី	217
ផ្តល់	ភាព	217
មេបញ្ជាការ	រង	217
យើង	ឃើញ	217
របស់	កូរ៉េ	217
រយៈពេល	យូរ	217
សុទ្ធតែ	មាន	217
សេចក្តី	ពិត	217
អ្នក	ជំនួញ	217
កាលពី	ចុង	216
គាត់	ក៏	216
គំនិត	ផ្តួចផ្តើម	216
ជាមួយ	មនុស្ស	216
ដល់	មនុស្ស	216
ដើម្បី	ដាក់	216
តេជោ	នាយករដ្ឋមន្ត្រី	216
ត្រូវ	យក	216
នៅលើ	ទីផ្សារ	216
បង្ក	គ្រោះថ្នាក់	216
ប្រើ	សម្រាប់	216
ផ្ទះ	វិញ	216
ពិបាក	ក្នុង	216
មាន	ក្តី	216
រចនា	ឡើង	216
ស្លាប់	ដោយសារ	216
ការ	តស៊ូ	215
ការ	បញ្ចេញ	215
ការ	ប្រឡង	215
ការ	ពង្រីក	215
កាលពី	មុន	215
ចំណុច	សំខាន់	215
ឆ្នាំ	របស់	215
ដែល	ជាប់	215
ដំបូង	នៅ	215
តាម	ដង	215
តាម	វិធី	215
បាន	ដឹងថា	215
បាន	ព្រមាន	215
ពុំ	បាន	215
មាន	គោលបំណង	215
យ៉ាង	លឿន	215
លើ	បាន	215
អភិបាល	នៃ	215
អ្នក	បង្កើត	215
ការ	លូតលាស់	214
ក្នុង	អត្ថបទ	214
ក្រសួង	សាធារណការ	214
ក្រុមហ៊ុន	របស់	214
ជាមួយ	និង	214
ត្រូវ	ប្រើ	214
ថា	នៅ	214
ទាប	ជាង	214
បណ្តាល	អោយ	214
ពលរដ្ឋ	បាន	214
រាល់	ពេល	214
លោក	ថ្លែង	214
សម្រួល	ដោយ	214
សម្លាប់	មនុស្ស	214
សិក្សា	ស្រាវជ្រាវ	214
ឪពុក	របស់	214
ការ	ជួបជុំ	213
ខ្លាំង	នៅ	213
គេ	ក៏	213
គ្នា	នៃ	213
គ្រឿង	ស្រវឹង	213
ចង់	ឃើញ	213
ចុងក្រោយ	របស់	213
ឆ្លង	រាលដាល	213
តែ	មាន	213
តំបន់	អាស៊ី	213
ធំ	ជាង	213
ធ្វើ	ពាណិជ្ជកម្ម	213
និង	ជំរុញ	213
បាត់	ខ្លួន	213
ប្រែប្រួល	អាកាសធាតុ	213
ពិធី	បើក	213
មួយចំនួន	នៅ	213
មើល	ថា	213
របស់	ពលរដ្ឋ	213
វិនិយោគ	លើ	213
ឡើងវិញ	នូវ	213
ខ្លាំង	ពី	212
ចាប់ផ្តើម	ពី	212
ចូល	ប្រើ	212
ឆ្លើយតប	នឹង	212
ជា	សកល	212
ដោយ	មិនមាន	212
ទាំងអស់	នោះ	212
ទំនាក់ទំនង	រវាង	212
បាន	ជាប់	212
ប៉ុន្តែ	យើង	212
ប្រជា	កសិករ	212
ការ	បញ្ចប់	211
ក្នុង	ការអនុវត្ត	211
ក្នុង	ល្បឿន	211
គុន	ខ្មែរ	211
តំណែង	ជា	211
ត្រូវ	ដាក់	211
ទៅ	ឱ្យ	211
ធ្វើ	បាតុកម្ម	211
នៃ	ហ្គេម	211
បាន	ទាន់	211
ពិសេស	របស់	211
មាន	គុណភាព	211
វា	ទៅ	211
កាលពី	រសៀល	210
ជាតិ	ស្ករ	210
ជួប	បញ្ហា	210
ដូច្នេះ	យើង	210
ដ៏	ច្រើន	210
ទៀត	គឺ	210
បាន	ហៅ	210
ប្រសិនបើ	យើង	210
ពណ៌	ក្រហម	210
មាន	តួនាទី	210
មុន	ការ	210
រំលាយ	អាហារ	210
សង្កេត	ឃើញ	210
សង្គម	ជាតិ	210
សំលៀក	បំពាក់	210
ស្ថាប័ន	ពាក់ព័ន្ធ	210
កម្ពុជា	នៅ	209
ការ	ថត	209
ការ	រំលោភ	209
ចុះផ្សាយ	នៅ	209
ឆ្លុះបញ្ចាំង	ពី	209
ដោយ	ខុស	209
នា	ឱកាស	209
នឹង	រៀបចំ	209
នៅ	ជាប់	209
មក	ក្នុង	209
រក	មើល	209
សំខាន់	សម្រាប់	209
អង្គការ	សុខភាព	209
ចុងក្រោយ	បំផុត	208
ជាយូរ	មក	208
ដើម្បី	អាច	208
ដែល	គាំទ្រ	208
ត្រូវបាន	ប្រើប្រាស់	208
នាង	មិន	208
និង	មនុស្ស	208
នៃ	ក្រុម	208
នោះ	ផងដែរ	208
ប្រទេស	ផ្សេង	208
ពេញនិយម	បំផុត	208
ពេល	បច្ចុប្បន្ន	208
មក	មើល	208
មិន	ប្រក្រតី	208
របស់	ក្លឹប	208
រយៈពេល	ជាច្រើន	208
ល្អ	ជាង	208
វត្តមាន	របស់	208
វិធី	នេះ	208
វីដេអូ	ខាង	208
សេចក្តី	ស្រឡាញ់	208
សំខាន់	ណាស់	208
អាច	ជ្រើសរើស	208
ការ	បកស្រាយ	207
ការ	រួម	207
ក្នុង	វគ្គ	207
ចូលឆ្នាំ	ថ្មី	207
ជឿ	ទុកចិត្ត	207
ឈរ	នៅ	207
ទស្សនា	រូបភាព	207
ទៅ	ពិនិត្យ	207
និង	ថវិកា	207
និង	ប្រើប្រាស់	207
និង	អនុវត្ត	207
នេះ	ដែល	207
នោះ	គឺជា	207
ប្រចាំ	ប្រទេស	207
មាន	ជាតិ	207
របស់	ធនាគារ	207
លាន	ផោន	207
វិស័យ	កសិកម្ម	207
សុខភាព	ពិភព	207
អាណត្តិ	ទី	207
ក្នុង	ទឹកដី	206
ខ្មែរ	ក្រោម	206
គេ	យក	206
គ្រប់គ្រង	របស់	206
ឆ្លងកាត់	ការ	206
ជាច្រើន	រូប	206
ដល់	អតិថិជន	206
ដែល	ចូលចិត្ត	206
ដែល	ដឹកនាំ	206
ថ្មី	នៅ	206
ថ្លៃ	នៅ	206
ទទួលទាន	អាហារ	206
ទៀត	នៃ	206
ទៅ	ដាក់	206
នាក់	ត្រូវបាន	206
នឹង	ចូលរួម	206
នោះ	វា	206
នៅ	ជាមួយ	206
ភាព	ស្មោះត្រង់	206
មនុស្ស	មាន	206
រដ្ឋាភិបាល	ក្រុង	206
ហើយ	ប្រសិនបើ	206
អភិបាល	ស្រុក	206
កម្ពុជា	នឹង	205
ការពារ	ជំងឺ	205
ក្នុង	ប្រវត្តិសាស្ត្រ	205
គ្នា	នឹង	205
ជម្រើស	ដ៏	205
ឈ្នះ	ពានរង្វាន់	205
ទិស	ខាង	205
ធ្វើ	ពិធី	205
ប្រធាន	ក្រុមប្រឹក្សា	205
ពី	ឆ្នាំ	205
លោក	បន្ថែម	205
លោកស្រី	បាន	205
ឬ	យ៉ាងណា	205
ឯកឧត្តម	រដ្ឋមន្ត្រី	205
ការ	ចុះផ្សាយ	204
ការងារ	ដែល	204
កិច្ច	ពិភាក្សា	204
ខែ	នេះ	204
គេ	ប្រើ	204
ជួបជុំ	គ្នា	204
ជំងឺ	រលាក	204
ដើម្បី	អោយ	204
ថា	ខ្ញុំ	204
និង	ក្រុមគ្រួសារ	204
នៃ	កម្មវិធី	204
ប្រមូល	ផល	204
មាន	ប្រជាប្រិយភាព	204
សត្វ	ល្អិត	204
សេដ្ឋកិច្ច	របស់	204
ស្រូប	យក	204
អំពាវនាវ	ឱ្យ	204
កម្លាំង	ជំនាញ	203
ការ	ចេញ	203
ការ	ស្នើសុំ	203
គេ	ចាត់ទុកថា	203
ចិត្ត	របស់	203
ចូល	រៀន	203
ជនជាតិ	វៀតណាម	203
ជីវភាព	រស់នៅ	203
តើ	អ្វី	203
និង	អាជ្ញាធរ	203
និង	ឧបករណ៍	203
បាន	ខិតខំ	203
កម្ពុជា	យើង	202
ឆ្នាំ	កន្លងមក	202
ជើង	គោក	202
តួនាទី	ជា	202
ទ្រង់ទ្រាយ	ធំ	202
នេះ	ត្រូវ	202
បន្ថយ	ភាព	202
បាន	បន្តទៀត	202
បាន	សន្យា	202
ភាព	ទាក់ទាញ	202
មក	យើង	202
មិន	ពិត	202
រីករាយ	នឹង	202
លើ	ដី	202
លេង	ជាមួយ	202
សម្រាក	ព្យាបាល	202
កត់សម្គាល់	ថា	201
ជាតិ	ពុល	201
ដល់	កម្ពុជា	201
ថ្ងៃ	ស្អែក	201
ថ្លៃ	លើ	201
នាពេល	កន្លងមក	201
និង	តាម	201
បង្ក	ជា	201
បណ្តុះបណ្តាល	វិជ្ជាជីវៈ	201
បាន	ជិះ	201
ប៉ុន្តែ	មាន	201
ប្រើប្រាស់	ជា	201
ពី	មុខ	201
ព្រាង	ច្បាប់	201
ភាព	សប្បាយ	201
មួយ	ក្បាល	201
ម្តង	ហើយ	201
លើ	លោក	201
គ្នា	ទៅ	200
ចំនួន	ជាង	200
ជាង	មួយ	200
ជាតិ	អប្សរា	200
ជុំវិញ	ការ	200
ដឹក	ទំនិញ	200
ធ្វើ	កិច្ចការ	200
និង	សេវាកម្ម	200
បាន	ជ្រើសរើស	200
បី	នាក់	200
បើកបរ	ដោយ	200
បំពេញ	ទស្សនកិច្ច	200
ប៉ុន្តែ	នៅ	200
ផ្នែក	នេះ	200
ព្រះ	នាម	200
មាន	បទពិសោធន៍	200
រ	ណេត	200
រង	ចាំ	200
រថយន្ត	បង្ក	200
លោក	នេះ	200
សម្រាប់	ក្រុម	200
សុទ្ធតែ	ជា	200
ហើយ	ក៏បាន	200
អាហារ	ដែល	200
ឬ	នៅ	200
ការងារ	ធ្វើ	199
ចាប់ផ្តើម	នៅ	199
ចំពោះ	បញ្ហា	199
ជំនាញ	ផ្នែក	199
ដល់	ឆ្នាំ	199
ទៅ	រក្សាទុក	199
ទៅ	អ្នក	199
និង	សម្តេច	199
នេះ	ទៀត	199
បាន	លឿន	199
ព្រះ	វិញ្ញាណ	199
របស់	រដ្ឋបាល	199
សមត្ថកិច្ច	ជំនាញ	199
អាច	បង្ហាញ	199
ឬ	ជា	199
ការ	ទប់ស្កាត់	198
កើត	ក្នុង	198
ក្រុមហ៊ុន	បាន	198
ជួប	ពិភាក្សា	198
ឈឺ	ក្បាល	198
ដូច	ការ	198
ដែន	ជម្រក	198
ដែល	រៀបចំ	198
ថា	មិន	198
ថ្ងៃ	ដែល	198
ទីភ្នាក់ងារ	ព័ត៌មាន	198
នាក់	នេះ	198
បន្ទូល	របស់	198
ប្រទេស	អូស្ត្រាលី	198
ពីរ	ដង	198
ព័ត៌មាន	ដែល	198
មិនគួរ	ឱ្យ	198
រៀន	នៅ	198
វគ្គ	សិក្សា	198
ហើយ	ធ្វើ	198
អ្នក	ដើម្បី	198
កម្មករ	និយោជិត	197
ការ	ញ៉ាំ	197
ការ	ទំនាក់ទំនង	197
ក្រុម	នេះ	197
ខួប	កំណើត	197
ខ្លួន	របស់	197
គេ	ដឹងថា	197
ជួយ	កាត់	197
ជំងឺ	រាតត្បាត	197
ជំនួយ	ពី	197
ថ្លៃ	សម្រាប់	197
នាពេល	ថ្មី	197
នេះ	បន្តិច	197
នេះ	ពិតជា	197
នៃ	ប្រព័ន្ធ	197
បាន	មួយ	197
មាន	ក្រុម	197
ហើយ	គេ	197
អ្នក	គិត	197
ការ	ប៉ះទង្គិច	196
ក្នុង	ដំណើរការ	196
គេ	ដាក់	196
ច្រើន	ក្នុង	196
តែ	វា	196
តំណ	ភ្ជាប់	196
តំបន់	ដែល	196
និង	ដោយ	196
ប្រើប្រាស់	ក្នុង	196
មិន	ខុស	196
មុខ	ទៀត	196
របស់	ឯកឧត្តម	196
រៀបចំ	ផែនការ	196
ជា	ចំណុច	195
ណែនាំ	ដល់	195
ទើប	នឹង	195
បាន	ឆ្លងកាត់	195
ប៉ុន្តែ	ក៏	195
ពន្យារ	ពេល	195
រួច	ជា	195
រួចរាល់	ហើយ	195
លើ	គ្រប់	195
សម្តេច	បាន	195
ស្មើ	គ្នា	195
អ្នក	ពាក់ព័ន្ធ	195
កិច្ច	ការងារ	194
ខ្លាំង	ក្នុង	194
ចំណាត់ថ្នាក់	លេខ	194
ចំនួន	មតិ	194
ជាតិ	របស់	194
ដែល	ដាក់	194
ដំណើរការ	នៃ	194
តែ	ពេល	194
ទឹក	ក្តៅ	194
ធ្វើ	ដូចម្តេច	194
ធ្វើឱ្យ	ការ	194
និង	ក្រសួង	194
បាន	បាញ់	194
ប្រកួត	នេះ	194
ពេល	ឆាប់	194
របស់	អ្នកស្រី	194
ការ	សន្ទនា	193
ខ្លាំង	ចំពោះ	193
ដល់	កម្រិត	193
ទាំងអស់	របស់	193
និយាយ	កាលពី	193
នៅ	កណ្តាល	193
នៅ	ទីតាំង	193
ពី	តំបន់	193
ល្អ	របស់	193
សារធាតុ	ចិញ្ចឹម	193
ការ	តុបតែង	192
កុំ	អោយ	192
ជា	អធិបតី	192
ជាតិ	ខ្លាញ់	192
ជំនាន់	ថ្មី	192
ដល់	ប្រជាជន	192
ណា	ក៏ដោយ	192
ត្រូវ	ចេះ	192
ទៅ	នៅ	192
និង	មធ្យម	192
បាន	នាំយក	192
បាន	ផ្លាស់ប្តូរ	192
ប្រភព	ដដែល	192
ប្រសើរ	ជាងមុន	192
មុខ	របស់	192
មួយ	គូ	192
រយ	នាក់	192
សមត្ថកិច្ច	នគរបាល	192
អ្នក	ចាប់ផ្តើម	192
អ្នក	ដោយ	192
ក៏	កំពុង	191
ក្នុង	របប	191
គេ	សង្កេត	191
ចូលរួម	ប្រកួត	191
ដែល	ផលិត	191
ណែនាំ	ឱ្យ	191
តុលាការ	កំពូល	191
នាក់	ផ្សេង	191
នៅពេល	ក្រោយ	191
បាន	ឈាន	191
បើកបរ	រថយន្ត	191
ពណ៌	ខៀវ	191
មិន	ជឿ	191
របស់	មន្ត្រី	191
រួមទាំង	ការ	191
រៀបចំ	កម្មវិធី	191
លោក	ប្រធាន	191
ការ	ច្នៃប្រឌិត	190
ការ	សម្របសម្រួល	190
ការ	ស្តារ	190
កោះ	តៃវ៉ាន់	190
ក្នុង	សម័យ	190
ក្រោយ	កើតហេតុ	190
ក្រៅពី	ការ	190
ខ្ពស់	ក្នុង	190
ចង់	ធ្វើការ	190
ចង្អុល	បង្ហាញ	190
ជំនន់	ទឹក	190
ដែលមាន	មូលដ្ឋាន	190
ដែលមាន	ស្រាប់	190
បង	ស្រី	190
បោះពុម្ព	ផ្សាយ	190
មុន	គេ	190
របស់	តុលាការ	190
រីករាយ	ជាមួយ	190
សំដៅ	ទៅ	190
ចំណុច	នេះ	189
ជួយ	បង្កើន	189
នៅ	អាស៊ី	189
បកស្រាយ	សូម	189
បញ្ចប់	នៃ	189
ប្រជា	ជាតិ	189
ប្រាស្រ័យ	ទាក់ទង	189
យ៉ាង	ជ្រាលជ្រៅ	189
ហ្វេសប៊ុក	ខ្មែរ	189
ឧត្តមសេនីយ៍	ត្រី	189
ក្រុម	មន្ត្រី	188
ខណ្ឌ	ទួលគោក	188
ចូល	មើល	188
ជន	ពិការ	188
ជន	ល្មើស	188
ដែល	ចេញ	188
ថ្មី	នៃ	188
ទឹកចិត្ត	ដល់	188
និង	បណ្តុះបណ្តាល	188
នៃ	ច្បាប់	188
នៅ	ឃុំ	188
បង្កើត	ការ	188
បន្ថែម	អំពី	188
ប៉ុន្តែ	ពួកគេ	188
មនុស្ស	ទាំងអស់	188
របៀប	ណា	188
អាច	ប៉ះពាល់	188
ក្មេង	លេង	187
ក្រុម	យុវជន	187
ខណ្ឌ	ចំការមន	187
ចាប់តាំងពី	ឆ្នាំ	187
ជាប់	នឹង	187
ដង	ក្នុង	187
ដែល	ចូលរួម	187
ថ្លែង	ប្រាប់	187
ទាមទារ	ឱ្យ	187
និង	ថាមពល	187
បន្តិច	ម្តង	187
ពន្លឺ	ព្រះ	187
ពី	សមត្ថភាព	187
មក	ផ្ទះ	187
រថយន្ត	មួយ	187
សង្ស័យ	ម្នាក់	187
កម្ពុជា	ដែល	186
ជាតិ	នៃ	186
ជួប	សំណេះសំណាល	186
ឈ្នះ	រង្វាន់	186
ដោយ	សេរី	186
ត្រូវ	អនុវត្ត	186
ត្រូវបាន	រចនា	186
ធនាគារ	ជាតិ	186
បុគ្គល	ដែល	186
បើក	ទ្វារ	186
បំណង	ប្រាថ្នា	186
ភាព	ធន់	186
មួយ	ម៉ោង	186
រង្វាន់	ដាក់	186
លើ	ជន	186
លេច	ចេញ	186
អ្នក	ធ្វើការ	186
ការ	រួមភេទ	185
ការពារ	ការ	185
ចោទប្រកាន់	ពី	185
ដល់	ជន	185
ដល់	មន្ត្រី	185
ដោយសារ	ជំងឺ	185
ត្រូវ	ដឹង	185
ត្រូវការ	ការ	185
ទើប	បាន	185
នាយ	ទាហាន	185
នឹង	ឃើញ	185
បញ្ជាក់	បន្ថែម	185
ព្យាបាល	ដោយ	185
មាន	កម្លាំង	185
មាន	ប្រសិទ្ធិ	185
មាន	រថយន្ត	185
សរសេរ	ថា	185
កាត់	ថា	184
ការ	ចាប់ខ្លួន	184
ការ	ជូនដំណឹង	184
ការ	បន្ថែម	184
ការ	រំខាន	184
កំពុង	ត្រូវបាន	184
ចាត់ទុក	ជា	184
ជា	ប្រវត្តិសាស្ត្រ	184
ជំនាញ	បាន	184
ដឹង	នៅ	184
ដោយ	ប្រើប្រាស់	184
ត្រូវ	ទៅ	184
និយាយ	ជាមួយ	184
នឹង	ជួប	184
នៃ	ក្រុមហ៊ុន	184
បង្ក	រ	184
បាន	នឹង	184
បុរស	ជា	184
ពិភាក្សា	អំពី	184
មិន	ងាយ	184
យោងតាម	សេចក្តី	184
ឡើង	មក	184
ក្នុង	ផ្ទៃ	183
ចោទប្រកាន់	ថា	183
ជៀសវាង	ការ	183
ដើម	ភាគតិច	183
ដើម្បី	កសាង	183
ដើម្បី	រៀបចំ	183
នៃ	សាធារណរដ្ឋ	183
នៅពេល	ណា	183
ប្តី	របស់	183
ប្រើប្រាស់	បាន	183
មាន	ទំនុកចិត្ត	183
វិស័យ	នេះ	183
ហើយ	ថែមទាំង	183
ហ្គេម	រ៉ូឡែត	183
អធិការ	នគរបាល	183
ក្នុង	ការងារ	182
ក្នុង	ថ្ងៃនេះ	182
ក្នុង	លទ្ធផល	182
ជាច្រើន	ប្រភេទ	182
ដោយ	ធ្វើ	182
ទស្សនកិច្ច	នៅ	182
និង	ជំងឺ	182
នោះ	មិន	182
បង្កើត	បាន	182
បន្ទប់	ជួល	182
បាន	ដល់	182
បិសាច	ក្រហម	182
ប្រកួត	ជាមួយ	182
ប្រទេស	មួយចំនួន	182
ប្រធាន	សមាគម	182
រដ្ឋបាល	រាជធានីភ្នំពេញ	182
សង្ស័យ	ឈ្មោះ	182
សម្រាប់	អតិថិជន	182
សារធាតុ	គីមី	182
ស្នងការ	រង	182
អ្នក	ជិតខាង	182
ករណី	គ្រោះថ្នាក់	181
ការ	ល្អ	181
ការ	អាន	181
ជម្រក	សត្វព្រៃ	181
ជាទី	ស្រឡាញ់	181
ជូន	អ្នក	181
ដល់	លោក	181
ដើម្បី	បញ្ចប់	181
ដែល	រួមមាន	181
ដែលមាន	សមត្ថភាព	181
តាម	បណ្តាញ	181
ត្រូវ	ប្រាកដ	181
ទាមទារ	ប្រាក់	181
នារី	ម្នាក់	181
នេះ	ក្តី	181
នៅ	កាស៊ីណូ	181
មាន	ពេល	181
មិត្ត	ភ័ក្តិ	181
យុវជន	កម្ពុជា	181
លើ	ផ្នែក	181
សន្យា	ថា	181
កាប់	ឈើ	180
ការ	ដើរ	180
កើត	នៅ	180
កំណាត់	ផ្លូវ	180
ចន្លោះ	មិន	180
ចំនួន	ចែករំលែក	180
ដែល	ស្ថិត	180
ធាតុ	ដើម	180
នា	រសៀល	180
នៅ	សប្តាហ៍	180
បង្ហាញ	អ្នក	180
បំណង	ចង់	180
ប្រកួត	នៅ	180
ប្រុស	ម្នាក់	180
ពី	មូលហេតុ	180
ភាគច្រើន	នៃ	180
មាន	ផលប៉ះពាល់	180
រាប់	បញ្ចូល	180
រុស្ស៊ី	បាន	180
សម្រាប់	ខ្ញុំ	180
សារភាព	ថា	180
ឡើង	ថ្លៃ	180
ការ	ទទួលស្គាល់	179
ការ	ទស្សន៍ទាយ	179
ការ	ប្រណាំង	179
កើត	មក	179
កំពុងតែ	មាន	179
ក្នុង	ព្រៃ	179
ខ្មែរ	នៅ	179
ចូលរួម	នៅ	179
ជាងគេ	បំផុត	179
ជាច្រើន	ក្នុង	179
ដាក់	នៅ	179
តម្លៃ	ទាប	179
តើ	យើង	179
ត្រូវបាន	កម្លាំង	179
នៃ	តំបន់	179
នៅពេល	មាន	179
យល់ដឹង	អំពី	179
រួម	ជាតិ	179
លើកលែង	តែ	179
វិញ	ហើយ	179
សម្បូរ	ទៅ	179
ស្ត្រី	ជា	179
ស្នាម	ញញឹម	179
អភិបាល	ក្រុង	179
អា	មេ	179
ឱកាស	នេះ	179
កន្លែង	ណា	178
កិច្ចប្រជុំ	នេះ	178
ខណ្ឌ	ដង្កោ	178
គ្នា	យ៉ាង	178
ច្បាប់	របស់	178
ដើម្បី	កំណត់	178
ដើម្បី	ឆ្លើយតប	178
ដែលមាន	ទំហំ	178
ណា	ខ្លះ	178
ទៀត	ក្នុង	178
បន្ត	ធ្វើ	178
បាន	ឃាត់	178
ពិភាក្សា	ជាមួយ	178
ពី	ទីក្រុង	178
ភាព	រីករាយ	178
មនុស្ស	ចាស់	178
មិន	ដូច	178
មួយ	ថា	178
ម្ខាង	ទៀត	178
សម្រាប់	ប្រទេស	178
សាច់	ឈាម	178
អារម្មណ៍	របស់	178
អ្វី	ឡើយ	178
ការ	ប្រមូលផ្តុំ	177
ក្លាយជា	ការ	177
ខំប្រឹងប្រែង	របស់	177
ចាក់	ថ្នាំ	177
ចុះ	បង្ក្រាប	177
ឆ្នាំ	ច	177
ដោយ	ក្តី	177
តារា	ល្បី	177
ថ្លៃ	ដើម្បី	177
ទេ	ប៉ុន្តែ	177
នគរបាល	រាជធានីភ្នំពេញ	177
បាន	ស្នើសុំ	177
ពន្យល់	ថា	177
ពេល	តែមួយ	177
ព្រមទាំង	បាន	177
ព្រមាន	ថា	177
ព្រះ	យេស៊ូវ	177
យ៉ាង	មាន	177
រដ្ឋាភិបាល	បាន	177
របស់	កីឡាករ	177
របស់	អាជ្ញាធរ	177
សង្កត់ធ្ងន់	ថា	177
ហើយ	យក	177
អាច	សម្រេច	177
អ៊ិន	ធ	177
ការ	កើត	176
ការ	ណាត់	176
ខ្លះ	បាន	176
គួរ	រំលឹក	176
ជាពិសេស	នៅ	176
ជុំវិញ	ខ្លួន	176
ដូច្នេះ	ការ	176
តាម	បំណង	176
ត្រូវបាន	អនុញ្ញាត	176
ត្រូវបាន	អ្នក	176
ថា	នាង	176
ថ្ងៃ	អនាគត	176
ធ្វើ	រឿង	176
នោះ	លោក	176
ប្រកាស	របស់	176
ផ្លូវ	បេតុង	176
មាន	ជំនឿ	176
មួយ	ប្រភេទ	176
រូប	នាង	176
លើ	ការងារ	176
សាក	ថ្ម	176
កើតហេតុ	បាន	175
ខ្លួន	ចេញ	175
ខ្លួន	ថា	175
ខ្លួន	នឹង	175
គាត់	ទៅ	175
ឆ្ពោះទៅ	កាន់	175
ដដែល	បាន	175
ដែល	ងាយស្រួល	175
ទាក់ទង	មក	175
ធន់	នឹង	175
និង	ត្រូវបាន	175
បាន	ចាកចេញ	175
បាន	ផល	175
ប៉ុន្តែ	អ្វី	175
ពិភាក្សា	គ្នា	175
ពួកគេ	កំពុង	175
មនុស្ស	ភាគច្រើន	175
មន្ទីរពេទ្យ	បង្អែក	175
រាយការណ៍	ពី	175
រួចផុត	ពី	175
លោក	ត្រាំ	175
វា	គឺ	175
វីរុស	កូរ៉ូណា	175
សន្និសីទ	សារព័ត៌មាន	175
សាខា	កាកបាទក្រហម	175
ស្រាប់តែ	មាន	175
ស្លត	អនឡាញ	175
គោរព	តាម	174
ឃើញ	ពី	174
ចូល	ថ្ងៃ	174
ជាច្រើន	ដូចជា	174
ឈ្នះ	ពាន	174
ដែល	ស្លាប់	174
តាម	បណ្តា	174
តំបន់	ការពារ	174
ទីក្រុង	ប៉ារីស	174
ទីតាំង	ស្ថិតនៅ	174
នឹង	ទៅ	174
បដិសេធ	មិន	174
បាន	អនុញ្ញាត	174
ប្រឆាំង	គ្រឿងញៀន	174
ពេល	កំពុង	174
មាន	ជំនាញ	174
មិន	ចូលចិត្ត	174
មួយចំនួន	ធំ	174
យើង	គឺ	174
យើង	ផ្តល់	174
រូប	គាត់	174
ស្លាប់	ភ្លាម	174
ហាង	លក់	174
អាច	បន្ត	174
ការពារ	សិទ្ធិមនុស្ស	173
កំពុង	បន្ត	173
ក្រុម	ដែល	173
គេ	ថា	173
ឆ្នាំ	នៃ	173
ជួយ	ការពារ	173
ដែល	កូន	173
ដោយសារតែ	មាន	173
ដ៏	កម្រ	173
ទៀត	ដើម្បី	173
និង	គ្រឿង	173
និង	រៀបចំ	173
នឹង	ភាព	173
នៃ	ផលិតផល	173
នោះ	រួមមាន	173
បន្ទាប់ពី	ទទួល	173
ប្រឆាំង	ការ	173
ប្រើ	ក្នុង	173
ផ្ទះ	ជួល	173
ពលរដ្ឋ	រស់នៅ	173
ភាព	ត្រឹមត្រូវ	173
មិញ	នេះ	173
រយៈពេល	ពីរ	173
សង្កាត់	ចោមចៅ	173
សហគមន៍	អន្តរជាតិ	173
សេដ្ឋកិច្ច	និង	173
ហេតុ	ដូច្នេះ	173
ហ្គេម	អនឡាញ	173
អន្តរ	កម្ម	173
អ្នក	រៀបចំ	173
ការ	រក	172
គ្រប់យ៉ាង	ដែល	172
ដើម្បី	ក្លាយជា	172
ដែល	ទ្រង់	172
ដែល	និយាយ	172
តួនាទី	របស់	172
ត្រូវបាន	ចាប់ខ្លួន	172
ទៀត	ដែរ	172
ប្រមុខ	រាជរដ្ឋាភិបាល	172
ផ្លូវ	ថ្នល់	172
ផ្លូវ	នេះ	172
មនុស្ស	នៅ	172
មូលដ្ឋាន	ទិន្នន័យ	172
ម៉ូតូ	មួយ	172
លី	ក	172
អស់	អ្នក	172
ការ	ប្រជុំ	171
គាំទ្រ	ដោយ	171
គឺជា	មនុស្ស	171
ឆ្នាំ	កុរ	171
ដូច	តទៅ	171
ដែល	ភាគច្រើន	171
ដំបូង	ដែល	171
ត្រូវបាន	បង្ហាញ	171
និយាយ	ទៅ	171
នេះ	ខ្ញុំ	171
នៅតាម	បណ្តោយ	171
បណ្តេញ	ចេញ	171
ប្រសិនបើ	ពួកគេ	171
ពេល	ជាមួយគ្នា	171
ភាព	រឹងមាំ	171
មហា	វិទ្យាល័យ	171
មាន	គំនិត	171
មូលដ្ឋាន	នៅ	171
វាយតម្លៃ	ខ្ពស់	171
សមាជិក	ព្រឹទ្ធសភា	171
សម្រាប់	ស្ត្រី	171
ស្រី	ម្នាក់	171
ឡើង	បន្ទាប់ពី	171
ការ	ថយចុះ	170
កំពុង	ដំណើរការ	170
ក៏	ទទួល	170
ក្តី	ស្រឡាញ់	170
ចូល	កាន់	170
ឈ្មោះ	របស់	170
ដំណើរការ	បាន	170
តើ	ខ្ញុំ	170
តែ	ការ	170
ត្រូវ	សមត្ថកិច្ច	170
ទុកដាក់	ចំពោះ	170
និង	ជន	170
នៅ	ល្ងាច	170
នៅ	អាមេរិក	170
បាន	ឆាប់	170
ប្រទេស	អ៊ុយក្រែន	170
ប្រើ	វា	170
ផលិតផល	នេះ	170
មាន	ប្រវែង	170
រៀបចំ	ដោយ	170
រ៉ូឡែត	ឥត	170
សញ្ញា	នៃ	170
ការ	រកឃើញ	169
កំណត់	ថា	169
ក្រ	វ៉ាត់	169
ក្រុង	តាខ្មៅ	169
ចំណាយ	ថវិកា	169
ច្បាប់	ចរាចរណ៍	169
ជា	ប្រភព	169
ជាពិសេស	ការ	169
ថ្លែង	នៅ	169
និង	សេចក្តី	169
បាន	ច្បាស់លាស់	169
បាន	បិទ	169
បោះឆ្នោត	នៅ	169
ពង្រឹង	សមត្ថភាព	169
ពី	ការងារ	169
មាន	អំណាច	169
មិន	តិច	169
សមាជិក	ថ្មី	169
ឡើង	ខ្ពស់	169
អ៊ីមែល	របស់	169
អ្នក	ចូល	169
អ្នក	ជិះ	169
កម្ពុជា	ក្នុង	168
ការ	នាំ	168
ការ	រៀន	168
ការងារ	ជាមួយ	168
ការពារ	ខ្លួន	168
ក៏	នៅតែ	168
ក្រុមប្រឹក្សា	ខេត្ត	168
គាត់	ត្រូវបាន	168
គឺ	ល្អ	168
ជួញដូរ	មនុស្ស	168
ដែល	គ្រប់គ្រង	168
ដែល	យក	168
ដៃគូ	របស់	168
តំបន់	ទេសចរណ៍	168
និង	កម្លាំង	168
និង	អភិវឌ្ឍន៍	168
នៃ	ទីក្រុង	168
នៅ	អធិការដ្ឋាន	168
បន្ថយ	ហានិភ័យ	168
ប៉ុន្មាន	ខែ	168
ប្រើប្រាស់	នូវ	168
មាន	ជម្រើស	168
មាន	សក្តានុពល	168
រឿង	ធម្មតា	168
លើ	ប្រទេស	168
លើក	ទីមួយ	168
លេច	មក	168
សន្លឹក	ឆ្នោត	168
សមាជិក	ក្រុម	168
សំណេះសំណាល	ជាមួយ	168
ស្ថិតនៅ	ក្រោម	168
ហើយ	នាង	168
អស់	កម្លាំង	168
អាច	ទាក់ទង	168
ការ៉ាត់	ដោយ	167
ក្រសួង	ធនធានទឹក	167
គួរតែ	ត្រូវបាន	167
គ្នា	ដើម្បី	167
គ្រប់គ្រង	ការ	167
ចាប់ពី	ពេល	167
ចូលរួម	ការ	167
ចំណាយ	លើ	167
ជន	ជាប់ចោទ	167
ដាក់	ពង្រាយ	167
តើ	ធ្វើ	167
នានា	ដែល	167
និង	គ្រប់គ្រង	167
បាន	នោះទេ	167
បោះឆ្នោត	ជ្រើសរើស	167
ផ្លូវ	ដែក	167
ពលករ	ខ្មែរ	167
ពួកគេ	ជា	167
ព័ត៌មាន	អំពី	167
យើង	សូម	167
យោងតាម	ប្រភព	167
រថយន្ត	ម៉ាក	167
លេង	ស្លត	167
សាក	សម	167
សេចក្តី	ណែនាំ	167
អាច	ឱ្យ	167
អាហារ	ពេល	167
កំពូល	របស់	166
ក្នុង	ទម្រង់	166
ខេត្ត	ឧត្តរមានជ័យ	166
ខ្លាំង	បំផុត	166
ចេញ	ដោយ	166
ជ្រុល	ទៅ	166
ដោយ	ទទួល	166
ដោយសារ	មាន	166
ទាំង	នៅ	166
និង	គាំទ្រ	166
នឹង	បង្កើត	166
នេះ	កំពុង	166
នៅ	ក្រោយ	166
បង្ហាញ	ឱ្យ	166
បាន	ចាក់	166
ផ្តល់	ជា	166
ផ្ទុយ	ពី	166
ពិតជា	មិន	166
ពី	មន្ត្រី	166
ពេល	ទៅ	166
មាន	ជា	166
របប	ខ្មែរក្រហម	166
វរ	សេនីយ៍ឯក	166
សម្រក	ទម្ងន់	166
ស្ថិតនៅ	លើ	166
ស្រី	របស់	166
ហ្គេម	ដែល	166
អាយុ	ក្រោម	166
អាហ្វ្រិក	ខាង	166
កងទ័ព	ជើង	165
ការ	សហការ	165
គ្រឿង	ម៉ាក	165
ដើម្បី	មើល	165
ដោយ	ព្រះ	165
ណាមួយ	ឡើយ	165
ត្រូវបាន	ផលិត	165
ទៀត	ដូចជា	165
ទៀត	ផងដែរ	165
ទៅ	កន្លែង	165
ទំព័រ	ដើម	165
និង	ចិន	165
នឹង	កើន	165
បញ្ជី	ឈ្មោះ	165
បាន	គិត	165
បុរស	ជនជាតិ	165
បំពេញ	តាម	165
ផ្ទះ	លេខ	165
ភាព	ជឿជាក់	165
មុខ	ផ្ទះ	165
មួយ	ផ្នែក	165
យក	ដី	165
សាលា	រាជធានីភ្នំពេញ	165
អ្នក	កាន់	165
ឱ្យ	ភ្ញាក់ផ្អើល	165
ការ	កោតសរសើរ	164
ការ	រើសអើង	164
កាលពី	ល្ងាច	164
ក្នុង	រថយន្ត	164
គាត់	ថា	164
ចូល	ដល់	164
ច្បាស់	ពី	164
ជា	ប្តី	164
ដើម្បី	ចាត់ការ	164
ទប់ទល់	នឹង	164
ទម្រង់	លេង	164
ទុក្ខ	លំបាក	164
និង	ទឹក	164
និង	ស្ត្រី	164
នេះ	បង្ហាញ	164
នៅតែ	អាច	164
បង្ក្រាប	បទល្មើស	164
បាន	ចុះផ្សាយ	164
បាន	ចេញផ្សាយ	164
បាន	ជ្រាប	164
បិទ	ទ្វារ	164
ព្រមទាំង	មាន	164
ព្រះ	គុណ	164
មក	ទទួល	164
យក	វា	164
របស់	ពិភព	164
លោក	អភិបាល	164
វិញ	បាន	164
ស្បែក	មុខ	164
អនឡាញ	បា	164
កាន់តែ	ងាយស្រួល	163
ការ	ចង់	163
ការងារ	បាន	163
ក៏បាន	បញ្ជាក់	163
ក្រុមហ៊ុន	អាកាសចរណ៍	163
ខ្លួន	ដោយ	163
គាំទ្រ	យ៉ាង	163
ចិញ្ចើម	ផ្លូវ	163
ជា	វិធី	163
ជា	វីដេអូ	163
ឈ្មោះ	សម្រាប់	163
ដែល	រដ្ឋាភិបាល	163
ទីភ្នាក់ងារ	សារព័ត៌មាន	163
ទេ	ថា	163
ធ្វើជា	ម្ចាស់ផ្ទះ	163
នេះ	ឡើង	163
បាន	ចាត់ទុក	163
បាន	នោះ	163
ប៉ុន្តែ	ប្រសិនបើ	163
ព្រោះ	ការ	163
មួយចំនួន	ដូចជា	163
រាប់ពាន់	នាក់	163
លេង	ដោយ	163
វាយ	កូន	163
សូម	ផ្ញើ	163
ស្ត្រី	ដែល	163
ហើយ	អ្វី	163
ក្រសួង	វប្បធម៌	162
ខ្សែ	សង្វាក់	162
គាត់	អាច	162
គឺ	គ្រាន់តែ	162
ជាតិ	ទឹក	162
ជាមួយ	យើង	162
ដើរ	ទៅ	162
ត្រូវ	ទទួល	162
និង	របៀប	162
នឹង	កំពុង	162
បញ្ជាក់	ទៀត	162
បន្ថែម	ពីនេះ	162
បាន	ត្រឹម	162
បើ	គិត	162
ប្រទេស	ជា	162
ពេល	ធ្វើ	162
ពេលវេលា	ដែល	162
ព្រះ	ដ៏	162
ភាព	ច្នៃប្រឌិត	162
ភ្ជាប់	មក	162
មាន	សកម្មភាព	162
មិន	ទទួលខុសត្រូវ	162
រក	គ្រាប់	162
របស់	ខ្មែរ	162
រៀបរាប់	ថា	162
កាលពី	ប៉ុន្មាន	161
គួរតែ	មាន	161
ចូល	លេង	161
ចោទ	ថា	161
ឆាក	អន្តរជាតិ	161
ជា	កត្តា	161
ដើម្បី	អនុវត្ត	161
ណាស់	ក្នុង	161
ទំនាក់ទំនង	របស់	161
នឹង	យក	161
បំផុត	គឺ	161
ប្រទេស	ជាច្រើន	161
ម៉ូតូ	ម៉ាក	161
រួម	ដំណើរ	161
សម្រេច	របស់	161
សំខាន់	នៃ	161
កាន់	អ្នក	160
ការ	ចាកចេញ	160
ការ	បង់	160
ក្នុង	រាងកាយ	160
គួរ	ធ្វើ	160
គ្នា	ដែល	160
ចូលរួម	របស់	160
ចំនួន	បី	160
ជាប់	គ្នា	160
ដើម្បី	គាំទ្រ	160
ដែល	ប្រើប្រាស់	160
តម្លៃ	សមរម្យ	160
ទាំងនេះ	គឺជា	160
ទុកដាក់	លើ	160
និង	ចូលទៅ	160
នៅ	ផ្សារ	160
នៅលើ	ទឹកដី	160
បាន	យកចិត្ត	160
បើ	គ្មាន	160
ប្រកួត	ក្នុង	160
ពី	ក្រសួង	160
យោងតាម	របាយការណ៍	160
លុះ	ដល់	160
អាច	ក្លាយជា	160
អាច	គ្រប់គ្រង	160
អ្នក	ហើយ	160
កន្លែង	ផ្សេង	159
កម្ពុជា	វិញ	159
ការ	រំលោភបំពាន	159
ការ	លេច	159
ក្នុង	កំឡុងពេល	159
ក្នុង	រដូវ	159
ក្នុង	ហាង	159
ខ្ញុំ	ថា	159
ចុះ	ត្រួតពិនិត្យ	159
ឈ្នះ	ការ	159
ដែលមាន	បំណង	159
តម្លៃ	នៃ	159
ត្រូវបាន	ចាត់ទុកថា	159
ទាំង	យប់	159
ទិន្នន័យ	របស់	159
និង	របួស	159
និង	សំណង់	159
នឹង	ចូល	159
បាន	គ្រប់គ្រាន់	159
បាន	ភាព	159
ពណ៌	លឿង	159
ពលរដ្ឋ	ទាំងអស់	159
ពិនិត្យ	ឡើងវិញ	159
ពី	គ្រប់	159
មនុស្ស	ពេញវ័យ	159
មួយ	សន្លឹក	159
រកប្រាក់	ចំណេញ	159
រក្សា	បាន	159
រដ្ឋបាល	ព្រៃឈើ	159
របស់	ប្រធានាធិបតី	159
រួម	ជាមួយនឹង	159
រ៉ូឡែត	ដោយ	159
លុយ	បាន	159
សមត្ថកិច្ច	មូលដ្ឋាន	159
អ្នក	ធ្លាប់	159
ឱ្យ	មនុស្ស	159
ក្នុង	ឈាម	158
ខ្ពស់	ចំពោះ	158
ខ្មែរ	ដែល	158
គឺ	គេ	158
ចុះ	ពី	158
ចំណាយ	ប្រាក់	158
ចំពោះ	ព្រះ	158
ជំនាន់	ទី	158
ដល់	ម៉ោង	158
តារា	កំប្លែង	158
ត្រឹម	ថ្ងៃ	158
ទទួល	ព័ត៌មាន	158
ទំហំ	ធំ	158
បន្ទាប់ពី	លោក	158
ព័ត៌មាន	សំខាន់	158
ភាព	ល្អ	158
ភូមិ	ឃុំ	158
ភ្ជាប់	ជាមួយ	158
មណ្ឌល	សុខភាព	158
មាន	ចំណុច	158
មាន	មោទនភាព	158
យន្តហោះ	ចម្បាំង	158
រក	ចំណូល	158
របស់	ជប៉ុន	158
វ័យ	ចំណាស់	158
អី	ទេ	158
អំពី	របៀប	158
អ្នក	ទេ	158
អ្វី	ទេ	158
ឱ្យ	ទៅ	158
ការ	រាតត្បាត	157
ក៏	នៅ	157
ក៏	ពិតមែន	157
ខ្លួន	ដែល	157
គ្រប់	លំដាប់	157
ច្រើន	នៅ	157
ឈ្នះ	លើ	157
ដើម្បី	លើកកម្ពស់	157
តាម	របាយការណ៍	157
ទាញយក	ហ្គេម	157
ទៅ	ថ្ងៃ	157
នៅ	នាទី	157
នៅ	វត្ត	157
បាន	ពន្យល់	157
ពួកគេ	ក្នុង	157
របស់	កុមារ	157
រៀបចំ	ដែនដី	157
លិច	ទឹក	157
លើ	ខ្លួនឯង	157
វិញ	ទៀត	157
វិញ	នៅ	157
សមាជិក	នៃ	157
ស្គាល់	អត្តសញ្ញាណ	157
ហាង	កាហ្វេ	157
អ៊ីនធឺណិត	ដោយ	157
កង់	បី	156
ការ	កែលម្អ	156
ការ	បែងចែក	156
ការ	ព្រមាន	156
កំពុង	រស់នៅ	156
ក៏	គ្មាន	156
ជា	អនុប្រធាន	156
ជួរ	មុខ	156
ជ្រើសរើស	យក	156
ដើម្បី	លេង	156
តារា	ប្រុស	156
ត្រូវបាន	បញ្ចប់	156
ទុក	ចោល	156
ធ្វើការ	ស្រាវជ្រាវ	156
និង	បង្ហាញ	156
និង	ពង្រីក	156
និង	ព័ត៌មាន	156
និង	អ្វី	156
និង	ឧតុនិយម	156
បញ្ជាក់	របស់	156
បាន	បង្ហើប	156
បំពេញ	តម្រូវការ	156
ពី	ក្នុង	156
ព័ត៌មាន	បាន	156
មាន	ជន	156
មិនមាន	អ្វី	156
សមាជិក	ក្រុមប្រឹក្សា	156
សារ	ជា	156
សេដ្ឋកិច្ច	ជាតិ	156
អ្នក	រស់នៅ	156
កងទ័ព	ជើងទឹក	155
កំណត់	អត្តសញ្ញាណ	155
ខ្លួន	ពី	155
គ	កំពូល	155
ចង់	ក្លាយជា	155
ចំណាយ	ពេលវេលា	155
ជួយ	ដោះស្រាយ	155
តែ	ក៏	155
ថវិកា	រ	155
ទទួល	មរណភាព	155
ធ្វើ	លំ	155
និង	កន្លែង	155
នេះ	ឱ្យ	155
បញ្ចប់	នៅ	155
ប៉ុន្តែ	នៅពេល	155
ប្រធាន	ផ្នែក	155
ពហុ	កីឡដ្ឋាន	155
របស់	សារព័ត៌មាន	155
លោក	ដែល	155
សម្លឹង	មើល	155
សរសៃ	ប្រសាទ	155
អាច	រកឃើញ	155
អ្វី	ជា	155
អ្វី	ផ្សេង	155
ឪពុកម្តាយ	របស់	155
ឱ្យ	ទុកចិត្ត	155
កម្មវិធី	វិទ្យុ	154
ការ	បោះពុម្ព	154
កាល	នោះ	154
ក្នុង	បរិវេណ	154
ខ្លះ	មាន	154
គណបក្ស	ប្រជាធិបតេយ្យ	154
គឺ	ត្រូវបាន	154
ជា	ម្តាយ	154
ដើរ	ចេញ	154
ដំណើរ	របស់	154
តាម	គោលការណ៍	154
ទទួល	ភ្ញៀវ	154
និង	ថ្នាក់	154
បញ្ជាក់	យ៉ាង	154
ប្រទេស	ហ្វីលីពីន	154
ប្រុស	អាយុ	154
ប្អូន	ប្រុស	154
ពេល	មួយ	154
ពេល	យប់	154
មក	ទៀត	154
មក	អ្នក	154
រថយន្ត	របស់	154
របស់	ជនជាតិ	154
រូប	ដែល	154
សូម	ចុច	154
អស់	លោក	154
អាច	ដោះស្រាយ	154
កន្លែង	លេង	153
ការ	យល់	153
ការ	លួច	153
ក្នុង	គម្រោង	153
ខេត្ត	កែប	153
គាំទ្រ	ការ	153
គិត	មក	153
ចុងក្រោយ	នៃ	153
ចូល	ជា	153
ជា	រៀង	153
ជា	ឱកាស	153
ដើម្បី	បាន	153
ដំបូង	ក្នុង	153
ទូរស័ព្ទ	ចល័ត	153
ទៀត	ឡើយ	153
និង	គ្រួសារ	153
និង	វៀតណាម	153
នេះ	ឡើយ	153
នៅ	អឺរ៉ុប	153
បង់	ថ្លៃ	153
ប្រទេស	ក្នុង	153
ប្រពៃណី	ជាតិ	153
ផ្ទាល់	ពី	153
មក	ជួយ	153
មាន	ស្រុកកំណើត	153
យើង	ដឹង	153
ឡើង	នៅពេល	153
អតីត	អ្នក	153
អាច	ចូលរួម	153
អាច	ស្វែងរក	153
កាន់	ទីក្រុង	152
ការ	ធ្វើការ	152
ក្នុង	គ្រា	152
ខណ្ឌ	ច្បារអំពៅ	152
ខ្ញុំ	សង្ឃឹម	152
គេ	រាយការណ៍	152
ឃើញ	ការ	152
ជា	មិត្ត	152
ជំនាញ	ខាង	152
ទស្សនកិច្ច	របស់	152
នូវ	សេចក្តី	152
បច្ចេកវិទ្យា	ទំនើប	152
បាន	គាំទ្រ	152
បាន	ចាត់	152
បាន	ឆ្លង	152
ប្រជាជន	ខ្មែរ	152
ប្រមូលផ្តុំ	គ្នា	152
ប្រៀបធៀប	ទៅ	152
ភាគច្រើន	ជា	152
លើកកម្ពស់	ការ	152
សមាជិក	គ្រួសារ	152
សល់	តែ	152
សិក្សា	ពី	152
ស្លត	តាម	152
ស្អែក	នេះ	152
ហ្គេម	នេះ	152
អំណាច	របស់	152
អ្នក	តវ៉ា	152
អ្នក	រត់	152
អ្វី	កើត	152
ឱ្យ	ប្រើប្រាស់	152
ការ	ប្រកប	151
ការ	ប្រឆាំង	151
ការ	វាយ	151
កំពូល	តារា	151
ជាច្រើន	លើក	151
ជឿជាក់	លើ	151
ជំងឺ	បេះដូង	151
ឈ្មោះ	ជា	151
ដឹកនាំ	ប្រទេស	151
ដើម្បី	ចាប់ផ្តើម	151
ដើម្បី	ទៅ	151
ដែលមាន	ន័យ	151
ដោយ	របៀប	151
ដ៏	ខ្លី	151
ទាក់ទិន	នឹង	151
ទឹក	ទន្លេ	151
និង	ការងារ	151
នេះ	តទៅ	151
ប្រទេស	អាល្លឺម៉ង់	151
ប្រល័យ	ពូជសាសន៍	151
ពិសេស	មួយ	151
ពោរពេញ	ទៅ	151
មេដាយ	មាស	151
លុះ	មក	151
វិស័យ	អប់រំ	151
សម្រាប់	ព័ត៌មាន	151
អំណរគុណ	ដល់	151
កម្មវិធី	ដែល	150
ការ	ប៉ះពាល់	150
កីឡាករ	បាល់ទាត់	150
កីឡាករ	រូបនេះ	150
ក្នុង	ជួរ	150
ក្រុមហ៊ុន	ដែល	150
គិត	អំពី	150
គោរព	ច្បាប់	150
គ្នា	ដោយ	150
ចិន	និង	150
ជា	ប្រាក់	150
ជំនាញ	របស់	150
ដដែល	នេះ	150
ថែមទាំង	មាន	150
ទៅ	សង្គ្រោះ	150
នៅ	ឆ្ងាយ	150
បាន	ចែករំលែក	150
បាន	ចោទប្រកាន់	150
បែប	ផែន	150
ប្រទេស	មីយ៉ាន់ម៉ា	150
ប្រធាន	នាយកដ្ឋាន	150
ប្រពន្ធ	របស់	150
ពីរ	ឆ្នាំ	150
មន្ទីរ	កសិកម្ម	150
មិន	គ្រប់គ្រាន់	150
មិន	ស្រួល	150
មួយ	វិញ	150
មេរោគ	កូ	150
ម៉ោង	ក្នុង	150
ម្នាក់	ត្រូវបាន	150
រកឃើញ	នៅ	150
រៀន	ពី	150
សិក្សា	របស់	150
សូម	ណែនាំ	150
ហេតុនេះ	ហើយ	150
អាមេរិក	លោក	150
កន្លែង	ធ្វើការ	149
ការ	ខិតខំ	149
ការ	គួរសម	149
ការ	ពេញចិត្ត	149
ការ	សរសេរ	149
ក្នុង	ពន្ធនាគារ	149
គ្រប់គ្រាន់	ដើម្បី	149
ជន	បង្ក	149
ជា	ករណី	149
ជាង	អ្នក	149
ឈរ	លើ	149
ដ៏	គួរឲ្យ	149
តឹង	រឹង	149
តែ	ត្រូវ	149
តែ	នៅ	149
ថ្នាក់	ខេត្ត	149
ទាប	បំផុត	149
ទាំងអស់	ត្រូវ	149
និយាយ	ប្រាប់	149
នេះ	មក	149
នៅ	ចន្លោះ	149
បង្ហាញ	អំពី	149
បាន	សង្កត់ធ្ងន់	149
ប៉ុន្មាន	ទេ	149
ពង្រឹង	ការ	149
ពេល	ល្ងាច	149
ព័ត៌មាន	នេះ	149
មាន	វិធានការ	149
មាន	វិធី	149
មើលឃើញ	ពី	149
យល់ដឹង	ពី	149
រំលែក	ទុក្ខ	149
សម	ហេតុផល	149
សហប្រតិបត្តិការ	អន្តរជាតិ	149
ហើយ	ម្តងទៀត	149
អនុវត្ត	ច្បាប់	149
អ្នក	និង	149
អ្នក	សរសេរ	149
ឱ្យ	ឃើញ	149
ចំណែក	អ្នក	148
ជន	រួម	148
ជា	ឧទាហរណ៍	148
ដល់	ហើយ	148
ដោយ	ទឹក	148
ដោយ	សុវត្ថិភាព	148
ទទួលខុសត្រូវ	ចំពោះ	148
ទទួលរង	ការ	148
ទុក	នៅ	148
ទេ	នោះ	148
នាទី	រសៀល	148
និង	សហគមន៍	148
បញ្ជូន	មក	148
ប្រទេស	នៅ	148
ពណ៌	បៃតង	148
ពួកគេ	ចង់	148
ភាព	ប្រសើរ	148
ភាព	ស្រស់ស្អាត	148
មនុស្ស	ស្លាប់	148
មាន	សំណាង	148
យល់	ច្រឡំ	148
របស់	ក្លិប	148
រៀង	រហូត	148
វិភាគ	ការ	148
អំពី	អ្វី	148
អ្នក	ភ្នាល់	148
ការ	ថ្លែង	147
ខ្លាំង	ជាង	147
គាត់	ចង់	147
គឺ	គ្មាន	147
គឺ	អ្នក	147
ចងចាំ	ថា	147
ចេញផ្សាយ	ដោយ	147
ជា	ចម្បង	147
ធនាគារ	អភិវឌ្ឍន៍	147
ធ្វើការ	ឃាត់	147
នាក់	ហើយ	147
នានា	ក្នុង	147
និង	វិស័យ	147
នូវ	បញ្ហា	147
នៅ	សង្កាត់	147
បាន	សិក្សា	147
បំផុត	នៅលើ	147
ប្រកាស	ជា	147
ប្រព្រឹត្ត	អំពើ	147
ប្រសិទ្ធភាព	ខ្ពស់	147
ផលិតផល	ដែល	147
ផ្ទះ	ល្វែង	147
ផ្លូវការ	នៅ	147
ពី	កម្ពុជា	147
ពី	ចម្ងាយ	147
ភ្នែក	របស់	147
មាន	ប្រជា	147
មិន	អោយ	147
យល់ឃើញ	ថា	147
របស់	បុរស	147
លទ្ធផល	ល្អ	147
លើ	រូប	147
សេចក្តី	ថ្លៃថ្នូរ	147
ស៊ុត	បញ្ចូល	147
ស្រឡាញ់	របស់	147
ស្លាកលេខ	ភ្នំពេញ	147
អ្វី	ទៅជា	147
ក្រុមគ្រួសារ	របស់	146
ខ្ញុំ	ទៅ	146
ខ្លួន	មិន	146
ចេញផ្សាយ	នៅ	146
ចំពោះ	មនុស្ស	146
ជំនាញ	វិជ្ជាជីវៈ	146
ដល់	ផ្ទះ	146
ដែល	ទើបតែ	146
ដោយ	ត្រូវ	146
ទៅ	មន្ទីរពេទ្យ	146
នាំ	ទៅ	146
និង	គ្រប់	146
និង	ដំណើរការ	146
និង	ផ្នែក	146
និង	ព្យាបាល	146
នេះ	គេ	146
បង្កើត	នូវ	146
បង្ហាញ	មុខ	146
បាន	ត្រឹមតែ	146
ប្រទេស	មាន	146
ប្រាក់	ពិតប្រាកដ	146
ពីរ	ថ្ងៃ	146
មនុស្ស	មិន	146
មាន	កិច្ច	146
មិន	ខ្វល់	146
មិន	ចាញ់	146
យ៉ាង	ពេញ	146
រយះ	ពេល	146
រឿង	ល្អ	146
ការ	ប្រព្រឹត្ត	145
កីឡាករ	វ័យ	145
ក្រុមហ៊ុន	ចិន	145
ក្រោយ	នេះ	145
គូ	ប្រកួត	145
ចុះ	ក្រោម	145
ចូលរួម	ជា	145
ជួប	គ្រោះថ្នាក់	145
ដល់	ជីវិត	145
ដែល	គួរឲ្យ	145
តែ	ខ្ញុំ	145
ថ្លែងការណ៍	មួយ	145
ទៅ	ខាង	145
នឹង	តម្រូវការ	145
នូវ	បទពិសោធន៍	145
បាន	កត់សម្គាល់	145
បាន	បំពេញ	145
បើក	កិច្ចប្រជុំ	145
បំផុត	ដើម្បី	145
ពួក	ខ្ញុំ	145
ពោល	ថា	145
មក	ទស្សនា	145
មហា	សមុទ្រ	145
រង់ចាំ	ការ	145
រដ្ឋាភិបាល	ចិន	145
លំបាក	ក្នុង	145
សារៈសំខាន់	ណាស់	145
សេវា	សាធារណៈ	145
អត់	បាន	145
អ្នក	គ្រាន់តែ	145
អ្នក	ផ្គត់ផ្គង់	145
អ្នក	ឯកទេស	145
អ្វី	នោះទេ	145
កន្លែង	នេះ	144
កម្ពុជា	ខេត្ត	144
ការ	កកស្ទះ	144
ការអនុវត្ត	ច្បាប់	144
ក៏	ធ្វើ	144
ខ្ញុំ	កំពុង	144
ខ្លាំង	ដល់	144
គឺ	ដោយសារ	144
ជា	ចុងក្រោយ	144
ជាតិ	រៀបចំ	144
ជាមួយ	ទឹក	144
ដាក់	ពន្ធនាគារ	144
ដូចម្តេច	ដើម្បី	144
ដើម្បី	ឈាន	144
ដើម្បី	ទាក់ទាញ	144
ទិញ	ទំនិញ	144
ទើប	មាន	144
ទៅ	លក់	144
និង	ខាង	144
និង	ម៉ូតូ	144
និង	ស្រុក	144
នៃ	ការអនុវត្ត	144
នៃ	គម្រោង	144
នៅ	សាកលវិទ្យាល័យ	144
បាន	បង្កើតឡើង	144
បៃ	ដិន	144
ប្រទេស	ស៊ីរី	144
ប្រហារ	ជីវិត	144
ប្រាសាទ	អង្គរវត្ត	144
ភព	ផែនដី	144
ភាព	កក់ក្តៅ	144
មិន	ប៉ះពាល់	144
ម្ចាស់	រថយន្ត	144
រក្សា	ការ	144
រូប	ទៀត	144
សង្ស័យ	ទាំង	144
អនុគ្រោះ	ពន្ធ	144
ការ	ពេញនិយម	143
ការ	រំលាយ	143
កូន	តូច	143
កំណើត	របស់	143
កំពុង	កើត	143
ក្រុម	មនុស្ស	143
គណនី	របស់	143
គឺជា	ក្រុមហ៊ុន	143
ជាក់លាក់	មួយ	143
ដី	របស់	143
ដូចគ្នា	នឹង	143
ណាស់	សម្រាប់	143
តែង	មាន	143
ថៃ	បាន	143
ថ្ងៃ	បុណ្យ	143
និង	រក្សា	143
នោះ	ថា	143
នៅ	ថ្នាក់	143
បាន	តាម	143
ផល	ចំណេញ	143
ផ្តល់	ប្រាក់	143
ផ្តល់	យោបល់	143
ផ្ទាល់	របស់	143
មិន	យូរ	143
មិន	សប្បាយ	143
យប់	នេះ	143
យើង	ក្នុង	143
រួម	ក្រុម	143
សមត្ថភាព	ក្នុង	143
ស្គាល់	គ្នា	143
អនាគត	របស់	143
អាច	ទិញ	143
ការ	សោកស្តាយ	142
កំពុង	រៀបចំ	142
គឺ	មិនមែន	142
ងើប	ឡើងវិញ	142
ជា	តំណាង	142
ដូចគ្នា	ដែរ	142
ដែល	ជន	142
ទូរស័ព្ទ	របស់	142
ទោះបីជា	យ៉ាងណាក៏ដោយ	142
ធំ	របស់	142
នានា	នៅ	142
និង	រថយន្ត	142
នឹង	មិនមាន	142
នៃ	សាកលវិទ្យាល័យ	142
នៅតាម	ផ្លូវ	142
បាន	សម្រាប់	142
ពី	ស្ថានភាព	142
មាន	បាន	142
មិត្តភក្តិ	របស់	142
មួយ	ដោយ	142
សន្តិសុខ	ជាតិ	142
សំណុំរឿង	បញ្ជូន	142
អាជ្ញាធរ	មាន	142
អ្នក	បម្រើ	142
អ្នកស្រី	បាន	142
ឱ្យ	នៅ	142
ការ	ចិញ្ចឹម	141
ការ	ជួសជុល	141
ការ	បង្រៀន	141
ការ	ប្រឈម	141
ការងារ	ជា	141
ក្រុង	ប៉េកាំង	141
គេ	ជឿ	141
ច្រើន	ពី	141
ជោគជ័យ	របស់	141
ដឹងទេ	ថា	141
ដែល	បង្កើត	141
ដ៏	លំបាក	141
តម្លៃ	ថោក	141
ទាំងនោះ	បាន	141
ទីស្តីការ	ក្រសួង	141
ធ្វើ	ជំនួញ	141
នគរបាល	រដ្ឋបាល	141
និង	បច្ចេកវិទ្យា	141
និង	បុគ្គលិក	141
និង	ផលិតផល	141
និង	សូម	141
នឹង	កាន់តែ	141
នៃ	ឆ្នាំ	141
នៅ	បរទេស	141
បង្ហាញ	នៅ	141
បាន	ក្លាយ	141
បាន	ទទួលស្គាល់	141
ប្រយុទ្ធ	គ្នា	141
ពួកគាត់	បាន	141
មនុស្ស	ជាង	141
មាន	រាង	141
មាន	អ្វីខ្លះ	141
មួយចំនួន	នៃ	141
ម្ចាស់	អាជីវកម្ម	141
រងគ្រោះ	មាន	141
រំលង	និង	141
វរ	សេនីយ៍	141
សេវាកម្ម	របស់	141
ហ្គេម	ឥត	141
អម	ដំណើរ	141
អាច	ការពារ	141
អាច	ផ្លាស់ប្តូរ	141
អ្នក	កើត	141
ឱ្យ	គាត់	141
កំពុង	ស្ថិត	140
ក្នុង	លោក	140
ក្រសួង	បាន	140
ក្រោម	ដី	140
ឃើញ	នូវ	140
ជាមួយ	ខ្មែរ	140
ជួយ	ជំរុញ	140
ដឹក	ឈើ	140
ដូចដែល	បាន	140
ដោយ	យក	140
ដ៏	ធំធេង	140
ត្រលប់	ទៅ	140
ថ្លៃ	ដែល	140
ទាក់ទង	ជាមួយ	140
ទៅ	រៀន	140
ធ្លាក់	ខ្លួន	140
នឹង	បញ្ចប់	140
បាន	ចូលទៅ	140
បាល់ទាត់	តាម	140
ប្រទេស	អង់គ្លេស	140
ភាព	ល្បីល្បាញ	140
មាន	ជម្លោះ	140
មិន	ផ្តល់	140
មិន	យល់	140
រវាង	កម្ពុជា	140
រស់នៅ	ជាមួយ	140
រឿង	ដ៏	140
លាន	អឺរ៉ូ	140
វ៉ាក់សាំង	ការពារ	140
សាធារណៈ	ជន	140
សាលា	បឋមសិក្សា	140
សូម	ឱ្យ	140
អភិវឌ្ឍន៍	ជនបទ	140
អាមេរិក	នៅ	140
អ្នក	ត្រូវបាន	140
ឱ្យ	កូន	140
ឱ្យ	ខ្ញុំ	140
ឱ្យ	គេ	140
ឱ្យ	ជឿ	140
ការ	ជួប	139
ការ	បញ្ចេញមតិ	139
គ្រឿង	ទៀត	139
ចូលរួម	កិច្ចប្រជុំ	139
ច្បាប់	នៅ	139
ជា	នាយក	139
ជា	ប្រពន្ធ	139
ជា	ប្រយោជន៍	139
ជាប់	ឆ្នោត	139
ដណ្តើម	បាន	139
ណា	ទេ	139
ត្រូវ	គិត	139
ថ្ងៃ	ដដែល	139
នា	ឆ្នាំ	139
និង	រីករាយ	139
និង	វាយតម្លៃ	139
និង	សមត្ថកិច្ច	139
នៅ	ទីបំផុត	139
បង្ហោះ	រូបភាព	139
បាន	ផងដែរ	139
ប្រាប់	ឱ្យ	139
ផ្អាក	ការ	139
ព្រឹត្តិការណ៍	នេះ	139
មាន	មុខងារ	139
ម្នាក់	មាន	139
យើង	ទៅ	139
រវាង	អ្នក	139
រាជរដ្ឋាភិបាល	បាន	139
រំលោភ	លើ	139
សន្និដ្ឋាន	ថា	139
សមត្ថកិច្ច	ឃាត់	139
សម្រាប់	រយៈពេល	139
សំខាន់	របស់	139
ស្លាប់	ក្នុង	139
ហូរ	ចូល	139
ហើយ	សម្រាប់	139
អំពី	រឿង	139
ឱ្យ	ក្រុមហ៊ុន	139
ការ	គេង	138
ខេត្ត	បាន	138
គេ	និយាយ	138
ជួប	ប្រជុំ	138
ជួយ	អន្តរាគមន៍	138
ដល់	ពលរដ្ឋ	138
ដាក់	សម្ពាធ	138
ដោយ	អាច	138
ដំណើរ	មក	138
តារា	ម៉ូដែល	138
ថវិកា	ចំនួន	138
ធ្វើ	សេចក្តី	138
និង	ពង្រឹង	138
នោះ	យើង	138
ប្រើ	ការ	138
ផ្ទាល់	ជាមួយ	138
មក	ថា	138
មកពី	ខេត្ត	138
មនុស្ស	ចំនួន	138
មាន	គេ	138
មើល	ពី	138
មើល	មិន	138
រក	ការ	138
របស់	បុគ្គល	138
រួច	ក៏	138
វិធី	ដែល	138
អ្នក	អភិវឌ្ឍន៍	138
ឬ	ច្រើន	138
កម្ពុជា	ជា	137
ការ	រួមចំណែក	137
កូន	បាល់	137
កំលោះ	ក្រមុំ	137
ក្នុង	រូបភាព	137
ក្រោយពី	ការ	137
គឺជា	ប្រភេទ	137
គួរឲ្យ	កត់សម្គាល់	137
ចង់	ដឹងថា	137
ចូល	ខ្លួន	137
ចូលចិត្ត	ផ្នែក	137
ឆ្នាំ	ជូត	137
ជា	យុទ្ធសាស្ត្រ	137
ជិត	ឆ្ងាយ	137
ជើង	ខ្លាំង	137
ដាក់	តាំង	137
ដើម្បី	មាន	137
ដោយ	ផ្តល់	137
ត្រូវ	ផ្តល់	137
ថ្ងៃ	នោះ	137
ទាំង	អ្នក	137
ទីក្រុង	បាងកក	137
និង	ថ្ងៃ	137
និង	អភិវឌ្ឍ	137
នៅពេល	យប់	137
បង្កើន	ភាព	137
បាន	ត្រូវ	137
បែប	ធម្មជាតិ	137
ប៉ុន្តែ	ជា	137
ប្តូរ	យក	137
ប្រទេស	ដែលមាន	137
ប្រទេស	ឡាវ	137
ពាន់	ដុល្លារ	137
ពេល	មក	137
ភរិយា	របស់	137
មន្ត្រី	រដ្ឋាភិបាល	137
មាន	សេរីភាព	137
មិន	នឹកស្មាន	137
ម្ចាស់	ហាង	137
យក	ម៉ូតូ	137
វា	គ្រាន់តែ	137
សូម	បងប្អូន	137
ស៊េរី	ថ្មី	137
ស្តារ	ឡើងវិញ	137
ស្នាក់នៅ	ផ្ទះ	137
អស្ចារ្យ	ណាស់	137
អ្នក	ទោស	137
កម្ពុជា	ផងដែរ	136
កម្លាំង	ពលកម្ម	136
ការ	ចម្លង	136
ការ	សន្យា	136
ការងារ	ក្នុង	136
ខ្មែរ	កម្ពុជា	136
គាត់	ក៏បាន	136
គេ	ក្នុង	136
ចាប់ផ្តើម	ធ្វើ	136
ជាក់	ជា	136
ជំហាន	ទី	136
ដោយ	ចេតនា	136
តារាស្រី	រូបនេះ	136
ធុន	តូច	136
នារី	រងគ្រោះ	136
និង	ស្ថាប័ន	136
បាន	ផ្សព្វផ្សាយ	136
បាន	អត្ថប្រយោជន៍	136
ផ្តល់	អនុសាសន៍	136
ផ្អែក	តាម	136
ពាក់ព័ន្ធ	ទាំងអស់	136
របស់	ក្មេង	136
សិទ្ធិ	របស់	136
កងរាជអាវុធហត្ថ	ខេត្ត	135
កម្រិត	ទាប	135
ការ	ចុះបញ្ជី	135
ការ	មើល	135
ក៏បាន	បង្ហាញ	135
ក្តី	បារម្ភ	135
ក្នុង	ខណ្ឌ	135
ខ្ញុំ	ត្រូវ	135
ខ្ញុំ	ព្រះ	135
គណបក្ស	កាន់	135
គឺជា	វិធី	135
ចិន	នៅ	135
ជា	ទីបំផុត	135
ជា	នាយករដ្ឋមន្ត្រី	135
ជាងគេ	នៅ	135
ជាមួយ	មិត្ត	135
ជីវិត	មនុស្ស	135
ដែល	ចាំបាច់	135
ដែល	រងគ្រោះ	135
ដែលមាន	ជំនាញ	135
តម្លៃ	របស់	135
ត្រូវ	រៀបចំ	135
ថយ	ក្រោយ	135
ទាំង	បួន	135
ធ្វើ	ដូច្នេះ	135
ធ្វើ	មិន	135
និង	គួរ	135
និង	ទប់ស្កាត់	135
និង	សមត្ថភាព	135
នៃ	កិច្ចការ	135
នៅ	សណ្ឋាគារ	135
បែក	គ្នា	135
ប្រភេទ	ដែល	135
ប្រើប្រាស់	បណ្តាញ	135
មាន	ច្បាប់	135
មួយ	គ្រាប់	135
លម្អិត	អំពី	135
លើ	សេចក្តី	135
លោក	ហ៊ុន	135
សំណើ	រ	135
សំណើ	របស់	135
ឡូត	ក្នុង	135
អភិបាល	រាជធានីភ្នំពេញ	135
អភិវឌ្ឍ	សេដ្ឋកិច្ច	135
អាច	ឈាន	135
ឬ	អាច	135
ការ	ខាតបង់	134
ការ	វះកាត់	134
កីឡដ្ឋាន	ជាតិ	134
ក្នុង	សប្តាហ៍	134
ក្នុង	ហេតុការណ៍	134
ក្នុង	ហ្គេម	134
ចូល	ទស្សនា	134
ចំពោះ	សុខភាព	134
ឆ្នាំ	ខាង	134
ជាមួយ	ក្លឹប	134
ជាមួយ	អាជ្ញាធរ	134
ជំនួស	ឱ្យ	134
ដែល	កាន់តែ	134
ដោយ	អង្គការ	134
តំបន់	អាស៊ីអាគ្នេយ៍	134
ទាក់ទង	គ្នា	134
ទេ	ឬ	134
ធ្វើ	ស្រែ	134
បណ្តាញ	ទំនាក់ទំនង	134
បាន	លុយ	134
បាន	ឮ	134
ប្រទេស	ចំនួន	134
ពាក្យ	សម្ងាត់	134
ពេលវេលា	ដ៏	134
មាន	កម្មវិធី	134
មាន	ក្នុង	134
មាន	វ័យ	134
យុវជន	ម្នាក់	134
រស់នៅ	តាម	134
រូបភាព	ជុំវិញ	134
លក់	បាន	134
លោក	លើក	134
សម្តី	របស់	134
សម្រេចចិត្ត	របស់	134
កិច្ចការ	នេះ	133
គុណភាព	នៃ	133
គេ	រកឃើញ	133
ឃើញ	ហើយ	133
ចៀសវាង	ការ	133
ជុំ	ទី	133
ឈរ	ឈ្មោះ	133
ដែន	សមុទ្រ	133
ដែល	ចូល	133
ត្រូវ	យកចិត្ត	133
ថ្ងៃ	មួយ	133
ទាន់	អាច	133
ទើប	ធ្វើ	133
នគរបាល	ប៉ុស្តិ៍	133
នាក់	នោះ	133
នាង	ជា	133
និង	ដៃគូ	133
និង	លោកជំទាវ	133
នោះ	ទៅ	133
បាញ់	ត្រី	133
បាន	ទាំង	133
បាន	សួរ	133
បាន	អនុម័ត	133
ប្រើ	អំពើ	133
ផលិត	ដោយ	133
ផឹក	ស្រា	133
មាន	កន្លែង	133
យក	រថយន្ត	133
លក្ខណៈ	ជា	133
លើ	អ្វី	133
ល្អ	នៅ	133
វា	មិនមាន	133
សប្តាហ៍	ក្រោយ	133
សា	ជា	133
ស្លា	ម	133
អញ្ជើញ	ចុះ	133
អាច	បង្កើន	133
អ្នក	កាន់តែ	133
ការ	ទាក់ទាញ	132
ក្នុង	គណនី	132
ក្នុង	វីដេអូ	132
ក្រោយពី	មាន	132
ចំណោម	មនុស្ស	132
ជា	កម្មសិទ្ធិ	132
ដែល	ពួក	132
ណាស់	មក	132
ត្រូវបាន	តុលាការ	132
ថា	នេះ	132
ទិញ	យក	132
ទៀត	សម្រាប់	132
នាំ	អ្នក	132
នឹង	រឿង	132
នៅ	សេសសល់	132
បាន	ជាង	132
បាន	លេង	132
ប៉ុណ្ណោះ	ដែល	132
ប្រធាន	រដ្ឋសភា	132
ផ្នែក	នៃ	132
ពី	រដ្ឋាភិបាល	132
មាន	ទឹក	132
មិត្ត	ស្រី	132
យើង	ឃើញថា	132
រកឃើញ	អ្នក	132
របួស	ស្រាល	132
រាជអាជ្ញា	រង	132
រួមមាន	ការ	132
លោក	កំពុង	132
សម្តេច	នាយករដ្ឋមន្ត្រី	132
សារៈសំខាន់	នៃ	132
អគ្គ	មេបញ្ជាការ	132
អាកាសយានដ្ឋាន	អន្តរជាតិ	132
ឱ្យ	ដំណើរការ	132
ការ	ចែកចាយ	131
ការ	អំពាវនាវ	131
ក៏	ជួយ	131
ក្តី	សុខ	131
ក្នុង	ក្រុមហ៊ុន	131
ក្នុង	វ័យ	131
ក្រុមហ៊ុន	មួយ	131
ចាប់តាំងពី	ការ	131
ចេញ	ដំណើរ	131
ចំពោះ	កិច្ច	131
ឆ្នាំ	ម្នាក់	131
ជា	ប្រព័ន្ធ	131
ដឹក	យក	131
ដើម្បី	ស្វែងយល់	131
តែ	ជា	131
ថា	គេ	131
ទាំងអស់	នៃ	131
ទៅ	ទស្សនា	131
ទៅ	មក	131
នៅលើ	ទំព័រ	131
បញ្ជាក់	ដែរ	131
បញ្ជាក់	ប្រាប់	131
បណ្តឹង	របស់	131
បាន	ឆ្លើយតប	131
បំពង់	ក	131
ប្រកបដោយ	ចីរភាព	131
ប្រើប្រាស់	នៅ	131
ផែនការ	របស់	131
ផ្លូវ	ទឹក	131
ពិត	របស់	131
ព្រោះ	ខ្ញុំ	131
ភាព	រីកចម្រើន	131
មាន	ពណ៌	131
មិន	ចេញ	131
មូលហេតុ	នៃ	131
មួយ	កម្រិត	131
មួយ	គឺ	131
ម្នាក់	អាច	131
រក្សា	ភាព	131
រង្វាន់	បា	131
រដ្ឋមន្ត្រី	ការពារ	131
លើ	មនុស្ស	131
លែង	មាន	131
វិនិយោគ	នៅ	131
ស្លាប់	ដោយ	131
អស់	ជាច្រើន	131
អេ	អេ	131
ឬ	ធ្វើ	131
ការ	ខ្វះខាត	130
កីឡា	វាយ	130
ក៏	ព្រោះតែ	130
ក្នុង	ផ្សារ	130
ក្នុង	វត្ត	130
ក្បត់	ជាតិ	130
គណៈកម្មការ	ទី	130
ច្រើន	ទេ	130
ជា	ជំនួយ	130
ជា	អកុសល	130
ដើម្បី	ពិភាក្សា	130
ដោយ	បុរស	130
ដំណើរការ	ដោយ	130
ត្រីមាស	ទី	130
ត្រឹមតែ	ជា	130
ត្រូវ	ជួប	130
ថ្ងៃ	ក្រោយ	130
ទាំងនេះ	ត្រូវបាន	130
និង	យុត្តិធម៌	130
នឹង	ចេញ	130
នៅ	រដ្ឋ	130
បាន	ឆ្លើយ	130
ប្រយោជន៍	ដល់	130
ផ្ទុះ	ការ	130
ផ្នែក	ហិរញ្ញវត្ថុ	130
ពី	សកម្មភាព	130
ព្រមព្រៀង	នេះ	130
មាន	តម្រូវការ	130
មិន	ខ្លាច	130
មិនមែន	មាន	130
យាង	មក	130
រក	ដំណោះស្រាយ	130
រដ្ឋបាល	ថ្នាក់	130
រីឯ	បញ្ហា	130
រំខាន	ដល់	130
លើ	ប្រព័ន្ធ	130
លើក	ចុងក្រោយ	130
វគ្គ	ជម្រុះ	130
សង្គ្រោះ	នៅ	130
សម្រាប់	តែ	130
សម្លាប់	ខ្លួន	130
សរុប	មក	130
សុក្រ	នេះ	130
ឱ្យ	វា	130
កាត់	ផ្តាច់	129
ការ	សម្លាប់	129
ក្នុង	សកម្មភាព	129
ខេត្ត	នេះ	129
ជួយ	ឧបត្ថម្ភ	129
ដែលមាន	សុវត្ថិភាព	129
ដែលមាន	អ្នក	129
តែ	ពី	129
ទៀត	របស់	129
ទេ	ហើយ	129
និង	គុណភាព	129
និង	ងាយស្រួល	129
និង	សម្ភារៈ	129
នីតិវិធី	ច្បាប់	129
នៅលើ	ផែនដី	129
បញ្ហា	អ្វី	129
បាន	កសាង	129
បាន	គឺ	129
បាន	ថត	129
បាន	ប្រារព្ធ	129
ប្រកបដោយ	គុណភាព	129
ប្រទេស	នានា	129
ប្រាប់	ពី	129
ព្យាបាល	បាន	129
មួយ	យប់	129
ម្ចាស់	បាន	129
លោក	ដូណាល់	129
ល្អ	ជា	129
វា	ហាក់ដូចជា	129
សប្តាហ៍	ទី	129
ស្រប	ទៅ	129
ហូរ	ឈាម	129
ហើយ	គ្មាន	129
អតីត	ប្រធាន	129
អនុវត្ត	ការ	129
អភិវឌ្ឍ	វិស័យ	129
អាច	ទាញយក	129
អ្នក	មើល	129
កាន់	ទីផ្សារ	128
ការ	កែប្រែ	128
ការ	បង្ក	128
ការ	វិវត្ត	128
កំពុង	ប្រឈម	128
ក្នុង	ក្របខណ្ឌ	128
ក្នុង	ក្របខ័ណ្ឌ	128
ក្រោម	ប្រធានបទ	128
ក្រោយ	មាន	128
គឺ	សម្រាប់	128
គេហទំព័រ	នេះ	128
ច្បាស់	អំពី	128
ឆ្លង	វីរុស	128
ជា	បុគ្គលិក	128
ដក	ខ្លួន	128
ដូច	មុន	128
ដែល	ពួកគាត់	128
ដែលមាន	ជាតិ	128
ដែលមាន	បញ្ហា	128
ត្រូវបាន	ប្រកាស	128
ថ្ងៃ	ទៅ	128
ទុកជា	មុន	128
ធនាគារ	ពិភព	128
និង	ជំនាញ	128
និង	ប្រាក់	128
និង	ភរិយា	128
នេះ	ក៏បាន	128
នៅ	ការិយាល័យ	128
នៅ	មជ្ឈមណ្ឌល	128
នៅពេល	ខាង	128
បន្ទះ	ឈីប	128
បាន	ត្រៀម	128
បាន	ផ្ញើ	128
បើក	ការដ្ឋាន	128
ប៉ុន្តែ	សម្រាប់	128
ប្រសិនបើ	វា	128
ប្រាប់	ទៅ	128
ផ្តល់	សិទ្ធិ	128
ផ្លូវ	មួយ	128
ពី	អាជ្ញាធរ	128
ភ្ញៀវ	ទេសចរណ៍	128
មាន	ប្រាក់	128
យើង	ទទួល	128
រងគ្រោះ	ដោយសារ	128
លទ្ធផល	បាល់ទាត់	128
លួច	យក	128
លើ	ទីផ្សារ	128
លោក	ក្នុង	128
លោកអ្នក	ទទួល	128
វា	ដោយ	128
ស្បែក	របស់	128
អាហារ	ដែលមាន	128
អំណរគុណ	យ៉ាង	128
អំពី	ភាព	128
ករណី	មាន	127
កំពុង	ជួប	127
កំពុង	ស្ថិតនៅ	127
ក្នុង	វេទិកា	127
ក្នុង	សមុទ្រ	127
ខ្វះ	ការ	127
គ្នា	ថា	127
គ្រា	ដែល	127
ឃាត	ក	127
ជាមួយ	កម្លាំង	127
ជួយ	គាំទ្រ	127
ដុស	ធ្មេញ	127
ដែល	លោកអ្នក	127
ដែលមាន	សុខភាព	127
ដំណើរ	ដោយ	127
តាម	ស្តង់ដារ	127
ថា	មនុស្ស	127
ធានា	នូវ	127
នាង	នឹង	127
នេះ	ឯង	127
នៃ	គណៈកម្មាធិការ	127
នៃ	អគ្គនាយកដ្ឋាន	127
នៅ	ប៉ុស្តិ៍	127
បាន	ផ្សាយ	127
បាន	ឯកភាព	127
បុណ្យ	ភ្ជុំបិណ្ឌ	127
ប្តូរ	ប្រាក់	127
មិន	គោរព	127
យក	ប្រាក់	127
លទ្ធផល	ការងារ	127
លើ	ស្ត្រី	127
វាយប្រហារ	ដោយ	127
សម្រាប់	ប្រាក់	127
ស្រាវជ្រាវ	បាន	127
អ្នក	ជាប់	127
អ្នក	សុបិន	127
ឬ	ស	127
កាំភ្លើង	ធំ	126
ក៏	ចង់	126
គី	រី	126
ចង់	ទៅ	126
ចែង	ថា	126
ជន	អន្តោប្រវេសន៍	126
ជា	នរណា	126
ជាមួយ	មន្ត្រី	126
ជូន	ទៅ	126
ជូន	បងប្អូន	126
ដែល	ងាយ	126
ដៃគូ	រ	126
ថែមទាំង	បាន	126
ធ្វើ	ទុក្ខ	126
និង	កុមារ	126
និង	គណបក្ស	126
និង	បង្ក	126
និង	សេដ្ឋកិច្ច	126
នេះ	សម្រាប់	126
នោះ	ត្រូវបាន	126
នៅ	ក្មេង	126
បាន	ដក	126
បាន	ត្រឡប់	126
បី	ដង	126
ប្រទេស	សិង្ហបុរី	126
ប្រយុទ្ធ	នឹង	126
ផ្តោត	ទៅ	126
ផ្លូវ	ដង្ហើម	126
ព្រមទាំង	ការ	126
ភ្ញាក់ផ្អើល	យ៉ាង	126
មាន	ជីវភាព	126
មាន	ប្រភព	126
មាន	ភ្លៀងធ្លាក់	126
មាន	ហានិភ័យ	126
មិន	សម	126
មើល	រំលង	126
របស់	អតីត	126
របៀប	រស់នៅ	126
សាងសង់	ផ្លូវ	126
អស់	មួយ	126
អស់	សង្ឃឹម	126
អាច	មើល	126
អាច	អនុវត្ត	126
ឬ	មួយ	126
គម្រោង	អភិវឌ្ឍន៍	125
គឺ	មានតែ	125
ចែក	បៀ	125
ច្បាប់	នៃ	125
ជន	ស៊ីវិល	125
ជា	អំណោយ	125
ជាប់	ជា	125
ជាមួយ	ដៃគូ	125
ដល់	បច្ចុប្បន្ន	125
ដើម្បី	គ្រប់គ្រង	125
ដើម្បី	បើក	125
ដែល	បច្ចុប្បន្ន	125
តែ	យ៉ាងណា	125
ត្រឹមតែ	ប៉ុណ្ណោះ	125
ថា	ក្នុង	125
ថ្លៃ	អនឡាញ	125
ទន្ទឹម	គ្នា	125
ទាំងអស់	ត្រូវបាន	125
ធ្វើ	ប្រតិបត្តិការ	125
ធ្វើការ	សម្រេចចិត្ត	125
នយោបាយ	នៅ	125
និង	នាំ	125
នឹង	ជា	125
នៃ	គណបក្ស	125
បង្ការ	ជំងឺ	125
បាន	យល់ព្រម	125
បាន	សុំ	125
បាល់ទាត់	អន្តរជាតិ	125
ពី	បរទេស	125
មហាជន	ជាច្រើន	125
មុខ	គេ	125
រាជធានីភ្នំពេញ	បាន	125
រាលដាល	ជំងឺ	125
លើ	ភាព	125
វិជ្ជមាន	កូ	125
សារធាតុ	ញៀន	125
ស្ត្រី	ជនជាតិ	125
ស្លាប់	របស់	125
ឡើង	តាម	125
អ្នក	ចែក	125
អ្វី	ក៏ដោយ	125
ឧ	ប	125
ក្នុង	ម្នាក់	124
ខួប	លើក	124
ខេត្ត	ចំនួន	124
ខ្ញុំ	បាទ	124
គោលបំណង	នៃ	124
ចុះផ្សាយ	របស់	124
ជាតិ	និង	124
ជាប់	ឃុំ	124
ជើង	ទី	124
ដល់	កូន	124
ដាក់	លើ	124
ដើរតួ	ជា	124
ដោយ	ពុំ	124
ដោយ	ពួកគេ	124
តែ	បាន	124
ថ្នាក់	លើ	124
ទឹកដី	របស់	124
ទៅ	ជួយ	124
ធ្លាប់	ជា	124
នៅពេល	ពួកគេ	124
បាន	បណ្តាល	124
បាន	លួច	124
ប្រកប	ការងារ	124
ប្រចាំថ្ងៃ	ក្នុង	124
ប្រព័ន្ធ	គ្រប់គ្រង	124
ពាក់	ម៉ាស់	124
ព័ត៌មាន	ប្រចាំថ្ងៃ	124
មាន	គ្នា	124
មិត្ត	ប្រុស	124
យើង	គួរ	124
យើង	ដែល	124
លុយ	ពី	124
វា	ធ្វើ	124
អ្នក	ដឹង	124
អ្នក	ស្គាល់	124
ឱ្យ	លោក	124
កន្លែង	ដែលមាន	123
កម្លាំង	ចិត្ត	123
កើត	ទៅ	123
ក្នុង	បរិបទ	123
ក្នុង	មន្ទីរពេទ្យ	123
ក្រុង	បាត់ដំបង	123
ខ្លួនឯង	បាន	123
គិត	ដល់	123
ចង់	មាន	123
ជា	កម្មវិធី	123
ជា	ផ្លូវ	123
ជា	ហ្គេម	123
ជាតិ	សរសៃ	123
ជាមួយ	ក្រសួង	123
ឈ្មួញ	កណ្តាល	123
ដើម្បី	ត្រៀម	123
ដោយ	ក្រសួង	123
តែ	យើង	123
តែ	លោក	123
ថ្មី	ទៀត	123
ទាំង	ប៉ុន្មាន	123
ទាំងអស់	បាន	123
ទ្វីប	អឺរ៉ុប	123
ធ្លាក់	ចូល	123
ធ្វើការ	ពិនិត្យ	123
ធ្វើឱ្យ	ប៉ះពាល់	123
នៅ	ត្រង់	123
នៅ	បន្ត	123
បក្ស	កាន់	123
បុគ្គល	ម្នាក់	123
បំផុត	នោះ	123
ពលរដ្ឋ	មាន	123
ពីព្រោះ	ថា	123
ព្រោះ	អ្នក	123
ភាគី	ខាង	123
ភាព	របស់	123
មនុស្ស	បាន	123
មួយ	ឈ្មោះ	123
មួយ	មាន	123
របស់	ជាតិ	123
រឿង	អ្វី	123
លើ	គម្រោង	123
លេច	មុខ	123
វា	នៅតែ	123
សូម	ទំនាក់ទំនង	123
ឡើង	ចំពោះ	123
កន្លែង	មួយ	122
ការ	បញ្ចូល	122
ការ	សម្អាត	122
កិច្ច	ការពារ	122
កើន	ដល់	122
កែ	សម្ផស្ស	122
កំណត់	ដោយ	122
ក្រៅ	រដ្ឋាភិបាល	122
ខ្ញុំ	អត់	122
ខ្លួន	មក	122
គ្នា	មាន	122
ឆ្លើយ	ថា	122
ដូច្នេះ	ខ្ញុំ	122
ដែល	ប្រព្រឹត្ត	122
ដំណើរ	ពី	122
ណា	ដែលមាន	122
តែ	គេ	122
ថ្មី	សម្រាប់	122
ទៅ	ទិញ	122
និង	ពិភាក្សា	122
នូវ	វិធានការ	122
នៅ	ចំ	122
បញ្ចប់	ដោយ	122
បាន	ដើម្បី	122
បាន	ន័យ	122
បិទ	បញ្ចប់	122
ប្រទេស	យើង	122
ប្រឹក្សា	យោបល់	122
ពី	ខេត្ត	122
ពួកគេ	ត្រូវ	122
ព្រំដែន	កម្ពុជា	122
មាន	គ្រប់	122
ម្នាក់	ដែលមាន	122
លក់	ក្នុង	122
លក់	ផលិតផល	122
លោកអ្នក	ផ្ទាល់	122
លំដាប់	ពិភព	122
សម្រាប់	ធ្វើ	122
សូម	ថ្លែង	122
សេដ្ឋកិច្ច	កម្ពុជា	122
ស្រី	ស្អាត	122
ស្លាប់	បាត់បង់	122
ហើយ	មនុស្ស	122
អាច	កំណត់	122
អាច	ចាប់ផ្តើម	122
អ្នក	ទេសចរ	122
អ្នក	នោះ	122
អ្នក	បោះឆ្នោត	122
ឧទ្យាន	ជាតិ	122
ឱ្យ	ប្រជា	122
កម្មសិទ្ធិ	របស់	121
កាន់តែ	ធំ	121
ការ	ដាំ	121
កំពុង	ព្យាយាម	121
ក្នុង	អ៊ីមែល	121
ចង់	និយាយ	121
ជា	ពីរ	121
ជូនដំណឹង	ដល់	121
ដល់	ខែ	121
ដែលមាន	ចំនួន	121
តែ	ក្នុង	121
ថ្លែងការណ៍	របស់	121
ទាក់ទាញ	អ្នក	121
ធំ	នៅ	121
ធ្វើឱ្យ	ពួកគេ	121
នាយ	រង	121
និង	ដោះស្រាយ	121
និង	សកម្មភាព	121
និង	សារធាតុ	121
នៅតាម	តំបន់	121
បង្កើតឡើង	ក្នុង	121
បើក	ម៉ូតូ	121
ប្រាក់	ពិត	121
ប្រាក់	ពី	121
ផឹក	ទឹក	121
ផ្តោត	អារម្មណ៍	121
ពី	តម្លៃ	121
ពី	សេចក្តី	121
ពួកគេ	ទៅ	121
មនុស្ស	យើង	121
មាន	គោលដៅ	121
មាន	សារធាតុ	121
មូលដ្ឋាន	បាន	121
រង្វាន់	ដោយ	121
របាយការណ៍	អនឡាញ	121
ស្ត្រី	រងគ្រោះ	121
ឡើង	សម្រាប់	121
អាស្រ័យ	ទៅ	121
ឯកឧត្តម	បាន	121
កម្រិត	ណា	120
ការ	តាមដាន	120
កូន	សិស្ស	120
ក្នុង	រដ្ឋធានី	120
គុណ	តម្លៃ	120
គុណភាព	ល្អ	120
គេ	ចង់	120
គ្នា	នោះ	120
គ្រប់	ភាគី	120
ឆ្នាំ	ទី	120
ជា	ដំបូង	120
ជាន់	ទី	120
ជាពិសេស	ក្នុង	120
ជាមួយ	ពួក	120
ដូច្នោះ	ទេ	120
ដែលមាន	ជំងឺ	120
ដោយសារតែ	វា	120
តម្លៃ	ខ្ពស់	120
តម្លៃ	ខ្លួន	120
ទំនាក់ទំនង	សង្គម	120
នាយករដ្ឋមន្ត្រី	កម្ពុជា	120
នាំចេញ	ទៅ	120
និង	តម្លៃ	120
និង	ធានា	120
នឹក	ឃើញ	120
នឹង	រកឃើញ	120
នៅ	ទីស្តីការ	120
បាន	ដឹក	120
បាន	ប៉ុន្មាន	120
បាន	សារភាព	120
ប្រកបដោយ	សុវត្ថិភាព	120
ប្រចាំថ្ងៃ	នឹង	120
ប្រទេស	សមាជិក	120
ប្រធាន	ការិយាល័យ	120
ផ្ទៃ	ប្រទេស	120
ផ្លាក	លេខ	120
ពិធី	សម្ពោធ	120
ពី	គេ	120
មក	ប្រទេស	120
មិន	យក	120
មុខ	ជា	120
មុខ	ជំនួញ	120
ម៉ែត្រ	ការ៉េ	120
យើង	ត្រូវបាន	120
របស់	កម្មករ	120
រោងចក្រ	ផលិត	120
លើ	ឆាក	120
សត្វ	ចិញ្ចឹម	120
សន្លឹក	បៀ	120
សម្រាប់	ជា	120
សម្រាប់	សុខភាព	120
សិក្សា	នេះ	120
សំខាន់	ដែល	120
អង្គ	បាន	120
ឱកាស	ដ៏	120
កម្មវិធី	ជំនួយ	119
ការ	ហៅ	119
កិច្ចការ	ដែល	119
កីឡា	ស៊ីហ្គេម	119
ក្រុមហ៊ុន	ឯកជន	119
ខាង	វិញ្ញាណ	119
ខ្ញុំ	ធ្វើ	119
ចាំ	ថា	119
ជា	មធ្យោបាយ	119
ដង	ទន្លេ	119
ដណ្តើម	យក	119
ដាក់	ការ	119
ដើម	របស់	119
ដើម្បី	ទិញ	119
ដើម្បី	បញ្ជាក់	119
តាម	អ្នក	119
តើ	ត្រូវ	119
តើ	លោក	119
ត្រូវបាន	ក្រុម	119
ទឹក	ដែល	119
ទុក	ឱ្យ	119
ទ្រង់	មាន	119
ធ្វើ	នយោបាយ	119
នានា	របស់	119
និង	លើកកម្ពស់	119
និង	សមាជិក	119
នូវ	ផលិតផល	119
នៅ	ត្រឹម	119
បាន	បាត់	119
បាន	ពិនិត្យ	119
បាន	ភ្លាម	119
បឹង	ទន្លេសាប	119
បុគ្គលិក	របស់	119
បេតិកភណ្ឌ	ពិភព	119
ប្រឆាំង	បទល្មើស	119
ប្រធាន	គណៈកម្មការ	119
ពាក់ព័ន្ធ	ទៅ	119
ព័ត៌មាន	ព្រឹត្តិបត្រ	119
ព្រោះ	យើង	119
ភ្នាល់	បា	119
ភ្នាល់	ប្រាក់	119
ភ្លើង	ទៀន	119
មករា	ឆ្នាំ	119
មាន	ប្រព័ន្ធ	119
មួយចំនួន	ក្នុង	119
យើង	នូវ	119
រីក	លូតលាស់	119
លើ	តុ	119
លោក	ទេសរដ្ឋមន្ត្រី	119
លោក	សម	119
ល្អ	និង	119
វា	កាន់តែ	119
អាវុធ	នុយក្លេអ៊ែរ	119
កម្មវិធី	រុករក	118
ការ	យល់ឃើញ	118
ក៏	ផ្តល់	118
គម្រោង	សាងសង់	118
គឺ	គាត់	118
គឺ	ស្ថិតនៅ	118
គឺជា	កន្លែង	118
គឺជា	ហ្គេម	118
គ្នា	ហើយ	118
ឃើញ	នៅ	118
ឃោសនា	បោះឆ្នោត	118
ចាប់តាំងពី	ពេល	118
ជា	ពេល	118
ជា	ឧបករណ៍	118
ជើង	បាន	118
ជំហាន	ដំបូង	118
ឈ្មោះ	ក្នុង	118
ដាច់	ពី	118
ដំបូង	បង្អស់	118
ដ៏	អាក្រក់	118
ថ្ងៃ	ខាង	118
ទស្សន៍ទាយ	លទ្ធផល	118
ទាំងនេះ	បាន	118
ទាំងនេះ	មាន	118
នគរបាល	ក្រុង	118
និង	ច្រើន	118
និង	យក	118
នឹង	ឈ្នះ	118
បង្កើន	ប្រសិទ្ធភាព	118
បាន	ស្តាប់	118
ប៉ុន្តែ	ត្រូវ	118
ប៉ុស្តិ៍	រដ្ឋបាល	118
ប្រធានាធិបតី	សហរដ្ឋ	118
ព្រោះ	ពួកគេ	118
មក	រស់នៅ	118
មូលដ្ឋាន	របស់	118
មួយ	កាលពី	118
យក	នូវ	118
យើង	តែងតែ	118
លង់	ទឹក	118
វិស័យ	សិល្បៈ	118
សម្រាប់	ប្រើប្រាស់	118
សហរដ្ឋ	អា	118
សិទ្ធិ	អំណាច	118
ស្នេហា	កំលោះ	118
អគ្គស្នងការ	នគរបាល	118
អញ្ជើញ	មក	118
អ្នក	មិនគួរ	118
ឯ	ទៀត	118
ឱកាស	នៃ	118
ការ	ព្យាយាម	117
ការ	ហាត់ប្រាណ	117
ការងារ	ថ្នាក់	117
កំពូល	នៃ	117
ក៏	គេ	117
ក៏បាន	ថ្លែង	117
ក្តី	សុបិន	117
ក្រៅ	ផ្ទះ	117
ខាង	ផ្នែក	117
គោលបំណង	ដើម្បី	117
ចំណែក	ជន	117
ឆ្នាំ	នៅ	117
ជា	ជំងឺ	117
ជា	បុគ្គល	117
ជាមួយនឹង	ភាព	117
ជួញដូរ	គ្រឿងញៀន	117
ដល់	អាជ្ញាធរ	117
ដែល	បង្កើតឡើង	117
ណា	ក៏	117
តាម	ផែនការ	117
តើ	ពួកគេ	117
តំបន់	សេដ្ឋកិច្ច	117
ត្រូវការ	ដើម្បី	117
ថ្មី	ក្នុង	117
នៅ	ម្តុំ	117
នៅ	រដូវកាល	117
បញ្ហា	នៃ	117
បាន	បង្កើន	117
បាន	យល់	117
បាន	វាយតម្លៃ	117
បាន	អាន	117
ពី	នោះ	117
របស់	សហភាព	117
លេង	ក្នុង	117
វា	ជួយ	117
សូម	អាន	117
សែន	នាក់	117
ស្នាក់នៅ	ក្នុង	117
ស្បែក	ក្បាល	117
ស្រដៀង	នឹង	117
ស្រប	គ្នា	117
ហើយ	ទទួល	117
អាមេរិក	និង	117
អោយ	ដឹង	117
អ្នក	រកស៊ី	117
គួរឲ្យ	ចាប់អារម្មណ៍	116
គេ	ត្រូវ	116
ចាប់អារម្មណ៍	យ៉ាង	116
ចាំ	មើល	116
ចាំបាច់	ដាក់	116
ចុះ	ខ្សោយ	116
ច្រើន	ដង	116
ជីវិត	រស់នៅ	116
ជើង	របស់	116
ដល់	ពួកគេ	116
ដល់	សព្វថ្ងៃ	116
ដូច្នេះ	សូម	116
ដែល	តម្រូវ	116
ដែល	ប៉ះពាល់	116
ដោយ	និយាយ	116
ដំបូង	ឡើយ	116
ត្រូវបាន	បិទ	116
ថ្លៃ	ល្អ	116
ទៅ	រស់នៅ	116
នឹង	ប្រព្រឹត្ត	116
នៅ	មូលដ្ឋាន	116
នៅពេល	យើង	116
បង្កើត	របស់	116
បរាជ័យ	ក្នុង	116
បាន	ជម្រាប	116
បាន	មើលឃើញ	116
បាន	មេដាយ	116
បាន	របស់	116
ប្រើ	ពាក្យ	116
ផលប៉ះពាល់	នៃ	116
ពិធី	មង្គលការ	116
ពីរ	រូប	116
ពុធ	នេះ	116
ពេញចិត្ត	នឹង	116
មន្ទីរ	សុខាភិបាល	116
មិន	ច្បាស់	116
មិន	ប្រាកដ	116
រដូវ	វស្សា	116
រថយន្ត	ក្រុង	116
រូប	តំណាង	116
រួម	ការងារ	116
ល្បែង	ភ្នាល់	116
សង្គម	របស់	116
សម្រាប់	យើង	116
សហប្រតិបត្តិការ	រវាង	116
អង្គ	ប្រជុំ	116
អនុញ្ញាត	ពី	116
អាជីព	របស់	116
អះអាង	របស់	116
ឯកភាព	គ្នា	116
ការ	កាប់	115
ការ	ចាំបាច់	115
ការ	វិល	115
ក្នុង	កិច្ចការ	115
ក្នុង	ដី	115
ក្លឹប	បាល់ទាត់	115
គេ	ជា	115
គ្នា	ជាច្រើន	115
គ្របដណ្តប់	លើ	115
គ្រូបង្វឹក	ក្រុម	115
ចាប់ផ្តើម	ការ	115
ចំណុច	ភូមិ	115
ចំនួន	ច្រើន	115
ជា	ដាច់ខាត	115
ជាច្រើន	នៃ	115
ដែល	ចុះ	115
ដំណើរ	ជីវិត	115
តោ	ខៀវ	115
ត្រូវបាន	ជ្រើសរើស	115
ទម្រង់	នៃ	115
ទៅ	ជាមួយ	115
ធ្វើ	កិច្ច	115
និយាយ	ភាសា	115
នឹង	ព្រះ	115
នេះ	ផ្តល់	115
នៃ	ដំណើរការ	115
ន័យ	នេះ	115
បង្ខំ	ឱ្យ	115
បាន	អ្វី	115
ប្រសិទ្ធភាព	នៃ	115
ប្រសិនបើ	ការ	115
ផ្សព្វផ្សាយ	សង្គម	115
ពី	ធី	115
ពី	វិធី	115
មាន	ប្រវត្តិ	115
មាន	អត្ថប្រយោជន៍	115
មិន	ដាច់	115
មិន	ដូច្នោះ	115
ម្សិលមិញ	ថា	115
យើង	ត្រូវការ	115
រៀបការ	ជាមួយ	115
សក់	របស់	115
សម្រាប់	កម្មវិធី	115
សម្រាប់	ប្រជាជន	115
សរុប	ប្រមាណ	115
ស្ពាន	អាកាស	115
ស្វែងយល់	បន្ថែម	115
អត្ថបទ	ទាក់ទង	115
អធិបតី	ក្នុង	115
ការ	ឈឺ	114
ការ	នេះ	114
ការ	បោះ	114
ការ	ប្រសើរ	114
ការ	ពិពណ៌នា	114
ការ	យោគយល់	114
កាស៊ីណូ	ស្លត	114
ក៏	ចាប់ផ្តើម	114
ក៏បាន	លើកឡើង	114
ក្នុង	ប្រភេទ	114
ក្នុង	សៀវភៅ	114
គាត់	ក្នុង	114
គិត	ចាប់ពី	114
គឺ	ចង់	114
គ្រប់	ព្រះ	114
គ្រប់គ្រាន់	សម្រាប់	114
ចរន្ត	អគ្គិសនី	114
ចាប់	ឃាត់	114
ចាប់ផ្តើម	មាន	114
ចាប់ពី	ឆ្នាំ	114
ចូលរួម	យ៉ាង	114
ចូលរួម	រំលែក	114
ចេញ	ក្រៅ	114
ដើម្បី	នាំ	114
ដេញ	តាម	114
ត្រូវបាន	ណែនាំ	114
ថ្ងៃ	ចុងក្រោយ	114
ថ្លៃ	ការ	114
ទទួលរង	នូវ	114
ទឹក	នៅ	114
ទៅរក	ការ	114
ទំនប់	វារីអគ្គិសនី	114
ធ្វើ	វិសោធនកម្ម	114
ធ្វើ	អត្តឃាត	114
និង	ឯកឧត្តម	114
នេះ	វិញ	114
នៃ	ថ្ងៃ	114
នៅ	ពាក់កណ្តាល	114
បាន	រៀន	114
បាន	រៀបការ	114
ប្រព័ន្ធ	ការពារ	114
ប្រាកដ	ណាស់	114
ប្រើ	នៅ	114
ប្រើប្រាស់	ប្រព័ន្ធ	114
ផែនការ	យុទ្ធសាស្ត្រ	114
ផ្នែក	សេដ្ឋកិច្ច	114
ពី	ថ្នាក់	114
ពួកគេ	ធ្វើ	114
ព័ត៌មាន	ថា	114
ភ្នាល់	តាម	114
មាន	បុរស	114
មេរោគ	អេដស៍	114
រ៉ូឡែត	អនឡាញ	114
លើ	ទឹកដី	114
វិធានការ	ទប់ស្កាត់	114
សត្វ	ឆ្កែ	114
ហិរញ្ញវត្ថុ	របស់	114
អាច	រក្សា	114
អាន	សៀវភៅ	114
ឱ្យ	ទទួល	114
កម្ពុជា	ទទួល	113
ការ	ភ្ជាប់	113
ការ	ឧបត្ថម្ភ	113
ខ្លួន	យើង	113
ឆ្នាំ	ដែល	113
ឆ្នាំ	រកា	113
ជា	បាន	113
ជា	ពេលវេលា	113
ជាច្រើន	មាន	113
ជុំវិញ	បញ្ហា	113
ជួប	នឹង	113
ជេរ	ប្រមាថ	113
ឈើ	ខុស	113
ដឹងថា	អ្នក	113
ដើម្បី	ជៀសវាង	113
ដែល	ឃើញ	113
ដែល	ពេល	113
តួនាទី	យ៉ាង	113
ត្រូវ	បញ្ជូន	113
ថ្ងៃ	ឈប់សម្រាក	113
ទើបតែ	បាន	113
ទៀត	មាន	113
និង	កសាង	113
នឹង	អ្វី	113
នៅ	វិមាន	113
បន្ត	ដំណើរ	113
បាន	ពិភាក្សា	113
ប៉ុន្តែ	ក្នុង	113
ប្រុងប្រយ័ត្ន	ខ្ពស់	113
ពាក់ព័ន្ធ	ករណី	113
ពី	កម្មវិធី	113
ពី	ក្លឹប	113
ពី	ជន	113
ពី	ប្រភព	113
ពុំ	អាច	113
ពេល	ចូល	113
ព័ត៌មាន	ពេល	113
មក	យក	113
មនុស្ស	លោក	113
មាន	ការងារ	113
មាន	កំណត់	113
មាន	បន្ទូល	113
មាន	រសជាតិ	113
មិន	រួច	113
រួមចំណែក	ដល់	113
វា	មក	113
វិល	មក	113
សន្និសីទ	កាសែត	113
សីហា	ឆ្នាំ	113
ស្វែងយល់	អំពី	113
ស្វែងរក	ដំណោះស្រាយ	113
ឡើង	នៅលើ	113
ឱ្យ	ក្រុម	113
ការ	បែកបាក់	112
កូន	ក្មេង	112
ក៏	អត់	112
ក៏ដោយ	ក៏	112
ក្នុង	គោលដៅ	112
ក្នុង	បរិយាកាស	112
ខែ	មក	112
ងាយស្រួល	ដល់	112
ជា	គោលដៅ	112
ជា	គ្រូបង្វឹក	112
ជា	ជំហាន	112
ដែល	ថ្មី	112
ដែល	ទាមទារ	112
ដែល	ប្រជា	112
ដែល	មិនមែន	112
ដែល	មើលទៅ	112
ដ៏	ត្រឹមត្រូវ	112
តម្លៃ	ថ្លៃ	112
ត្រូវបាន	សម្លាប់	112
ថវិកា	ជាតិ	112
ទទួលខុសត្រូវ	របស់	112
ទាំងនោះ	មាន	112
ទុន	វិនិយោគ	112
ធ្វើ	សមាធិ	112
ធ្វើឱ្យ	មនុស្ស	112
នៃ	កិច្ចប្រជុំ	112
នៃ	ចំនួន	112
នោះ	គេ	112
នៅ	ទី	112
នៅ	អ៊ុយក្រែន	112
បាល់	តាម	112
បោះ	ជំហាន	112
ប្រជាជន	នៅ	112
ប្រទេស	ឥណ្ឌូនេស៊ី	112
ប្រាសាទ	ព្រះវិហារ	112
ប្រៀប	ដូចជា	112
ផ្លូវ	អាកាស	112
ពន្លត់	អគ្គិភ័យ	112
ពី	គេហទំព័រ	112
ពី	របប	112
ពួកគេ	ទាំង	112
មាន	ចំណេះដឹង	112
មិន	ច្បាស់លាស់	112
មួយចំនួន	ផងដែរ	112
ម៉ាស៊ីន	ស្លុត	112
យ៉ាង	ពេញលេញ	112
រ	របស់	112
វគ្គ	ពាក់កណ្តាល	112
សហគ្រាស	ធុន	112
សុខភាព	អ្នក	112
ហាក់	មិន	112
អគ្គ	ស្នងការដ្ឋាន	112
អិល	ស៊ី	112
អ្នក	ទាំងនោះ	112
អ្នក	ពិតជា	112
កម្មវិធី	មួយ	111
ការ	ប្រាស្រ័យ	111
ការ	លះបង់	111
ការ	សន្និដ្ឋាន	111
ការពារ	បរិស្ថាន	111
ក្តី	ស្រមៃ	111
ក្រុម	ប្រទេស	111
ខ្ញុំ	ទេ	111
ខ្សែ	ក្រ	111
គោលបំណង	របស់	111
ចម្រៀង	ស្រី	111
ចិញ្ចឹម	ជីវិត	111
ជា	លំដាប់	111
ជាតិ	ដែក	111
ជាទី	ស្រលាញ់	111
ឈ្មោះ	អ្នក	111
ដែល	រួម	111
ដោយ	គិត	111
តំបន់	ឆ្នេរ	111
ទង្វើ	របស់	111
ទាំងនេះ	នឹង	111
ទៅ	យក	111
ទំនាក់ទំនង	ល្អ	111
នាំ	ខ្លួន	111
នឹង	បញ្ជូន	111
នឹង	ប្រើ	111
នេះ	តែម្តង	111
នេះ	ពី	111
នៃ	ទំនាក់ទំនង	111
នៃ	វិស័យ	111
នៅលើ	ផ្ទៃ	111
បាន	ចុះបញ្ជី	111
បុរស	នោះ	111
ប្រព័ន្ធ	តុលាការ	111
ពាក់	អាវ	111
ពិនិត្យ	សុខភាព	111
ពិសា	រ	111
ពី	ផ្លូវ	111
មកពី	គណបក្ស	111
មន្ទីរ	ពិសោធន៍	111
មាន	កំណើន	111
មាន	អាការៈ	111
មិន	បង្ក	111
យ៉ាង	ពិតប្រាកដ	111
រស់	ឡើងវិញ	111
រស់នៅ	ដោយ	111
លោក	អភិបាលខេត្ត	111
សម្រាប់	កម្ពុជា	111
សម្រាប់	គម្រោង	111
ស្រី	រងគ្រោះ	111
ស្លត	កាស៊ីណូ	111
ឱ្យ	រំភើប	111
កម្ពុជា	ទៅ	110
កំពុង	រង់ចាំ	110
កំពូល	តារាង	110
ក៏បាន	ធ្វើការ	110
ក្នុង	ប្រតិបត្តិការ	110
ក្នុង	ប្រអប់	110
ក្លាយជា	មនុស្ស	110
ជន	នេះ	110
ជា	គ្រូ	110
ជា	អាទិភាព	110
ជាប់	ព្រំដែន	110
ជូន	ថា	110
ជូន	ពលរដ្ឋ	110
ជំងឺ	ផ្តាសាយ	110
ជំនួយ	ដល់	110
ដល់	គ្រួសារ	110
ដាក់	គ្នា	110
ដឹក	ដី	110
ដេ	អូ	110
ដែល	ហៅថា	110
ដោយឡែក	ពី	110
ថ្ងៃ	ណាមួយ	110
ធ្វើការ	វះកាត់	110
នាំគ្នា	ទៅ	110
នឹង	អនុញ្ញាត	110
នូវ	កម្មវិធី	110
នេះ	នៅតែ	110
បាន	ប្រមូល	110
បុក	រថយន្ត	110
បំបាត់	ការ	110
ប៉ុន្តែ	បាន	110
ប៉ុន្តែ	ពេល	110
ប្រកាន់ខ្ជាប់	នូវ	110
ប្រទេស	ដទៃ	110
ប្រាក់	ឧបត្ថម្ភ	110
ផ្តល់	ដោយ	110
ព្រឹត្តិការណ៍	កីឡា	110
ព្រះ	វស្សា	110
មាន	មូលដ្ឋាន	110
មិន	និយាយ	110
មិន	ពិបាក	110
មួយ	សន្ទុះ	110
យក	កូន	110
របស់	ក្រុមប្រឹក្សា	110
របៀប	នេះ	110
រាប់	មិន	110
លេង	បណ្តាញ	110
លេង	បាកា	110
លំបាក	របស់	110
សម្តែង	ស្រី	110
សម្រាប់	វិស័យ	110
សូម	អំពាវនាវ	110
ហើយ	កាលពី	110
ឡើង	កាន់	110
ឡើង	ភ្នំ	110
អត្ថប្រយោជន៍	ពី	110
អាច	ដឹង	110
អ្នក	គ្រប់	110
ឱកាស	បុណ្យ	110
កន្លែង	នៅ	109
កាន់តែ	ខ្ពស់	109
ការ	បំផ្លាញ	109
ការពារ	ព្រំដែន	109
ក៏បាន	ធ្វើ	109
ក្តៅ	ខ្លួន	109
ក្នុង	កន្លែង	109
ក្រៅ	ម៉ោង	109
គឺជា	ជម្រើស	109
គ្នា	ពី	109
ចាប់ពី	ខែ	109
ចុច	អាន	109
ចំនួន	ទឹកប្រាក់	109
ឆ្ពោះទៅ	មុខ	109
ជា	អាហារ	109
ជំនាញ	ក្នុង	109
ជំនួយ	របស់	109
ដឹងថា	មាន	109
ដូច	អ្នក	109
ដើម្បី	ចៀសវាង	109
ដើម្បី	ព្យាបាល	109
ដែល	ដំណើរការ	109
ត្រូវបាន	កាត់	109
នៃ	ពិធី	109
នៅតាម	មូលដ្ឋាន	109
បង្កើតឡើង	នៅ	109
បច្ចុប្បន្ន	មាន	109
បញ្ជា	ឱ្យ	109
បទល្មើស	ព្រៃឈើ	109
បាន	រិះគន់	109
បុក	ម៉ូតូ	109
បែងចែក	ជា	109
ប៉ះទង្គិច	គ្នា	109
ប្រភេទ	ផ្សេង	109
ផែន	ជីវិត	109
ពិតជា	អាច	109
ពី	ជើង	109
ភេទ	ដូចគ្នា	109
មាន	ពេលវេលា	109
មាន	សមាជិក	109
មិន	គ្រប់	109
យើង	នៅតែ	109
យោគយល់	គ្នា	109
រៀបរាប់	ពី	109
លទ្ធភាព	នៃ	109
លោក	ត្រូវបាន	109
ល្អ	ដែល	109
វា	ងាយស្រួល	109
វៀតណាម	បាន	109
សម្រាប់	ប្រជា	109
ស្ថិតនៅ	តាម	109
អាច	មក	109
អោយ	គេ	109
អ្នក	នេសាទ	109
អ្នក	នៅតែ	109
កន្លង	ផុត	108
ការ	ដាំដុះ	108
ការ	ដោះលែង	108
ការ	បំបែក	108
ការ	អនុម័ត	108
ការ៉ាត់	អនឡាញ	108
ចាប់ពី	ម៉ោង	108
ឆ្អឹង	ខ្នង	108
ជា	គេហទំព័រ	108
ជា	អាច	108
ជា	ឪពុក	108
ជាមួយ	គាត់	108
ជាមួយ	អង្គការ	108
ជើង	ទៅ	108
ដូស	ទី	108
ដែល	ភ្ជាប់	108
តើ	នរណា	108
ថ្មី	បំផុត	108
ទឹក	ហូរ	108
ធ្វើ	ចលនា	108
និង	ទីក្រុង	108
និង	សម្រាប់	108
និង	អភិរក្ស	108
នឹង	ឈាន	108
នឹង	ប្រទេស	108
នៃ	មន្ទីរ	108
បញ្ចូល	ទៅ	108
បញ្ហា	របស់	108
ប៉ុន្មាន	ម៉ោង	108
ប្រើ	ពេល	108
ប្រែ	ជា	108
ផ្សព្វផ្សាយ	ព័ត៌មាន	108
ផ្សាយ	បន្តផ្ទាល់	108
ពេល	យូរ	108
មនុស្ស	ជាទី	108
មាន	ប្រទេស	108
មិន	ប្រើ	108
លោក	ទាំងមូល	108
វិធី	ដើម្បី	108
វិស័យ	កីឡា	108
សង្គ្រាម	លោក	108
សិទ្ធិ	គ្រប់យ៉ាង	108
សូវ	បាន	108
ស្ថានភាព	នៃ	108
ស្វាមី	របស់	108
អង្គារ	នេះ	108
អញ្ជើញ	ទៅ	108
អយ្យការ	អម	108
អាច	ខ្វះ	108
អាជ្ញាធរ	បាន	108
អាមេរិក	ដែល	108
ឥទ្ធិពល	នៃ	108
ការបរទេស	ចិន	107
ក៏	ដូច	107
ក្នុង	កាស៊ីណូ	107
ខ្នាត	ធំ	107
ខ្លាំង	ទៅ	107
ខ្លួន	ឱ្យ	107
គួរ	ជាទី	107
ចាត់ការ	ទូទៅ	107
ច្បាប់	ដែល	107
ច្បាប់	ស្តីពីការ	107
ជជែក	គ្នា	107
ជាង	នៅ	107
ដឹកនាំ	កិច្ចប្រជុំ	107
ដើម្បី	សម្រួល	107
ដែល	គិត	107
ដោយ	មនុស្ស	107
តាំងពី	ដើម	107
តែមួយគត់	ដែល	107
តំបន់	អាស៊ាន	107
ថែរក្សា	សុខភាព	107
ទទួល	ជោគជ័យ	107
ទិញ	ផលិតផល	107
ធ្វើ	ដោយ	107
ធ្វើ	សមយុទ្ធ	107
និង	មួយ	107
និង	រដ្ឋាភិបាល	107
នេះ	និង	107
បាន	ចោទ	107
បាន	ប្រមាណ	107
ប្តូរ	តាម	107
ប្រតិបត្តិ	នៃ	107
ផលប៉ះពាល់	ដល់	107
ផ្ទះ	ប្រជា	107
ផ្លូវ	រថភ្លើង	107
ពី	កើត	107
ពី	អារម្មណ៍	107
មាន	អត្ថន័យ	107
ម៉ាក	ហុងដា	107
យល់	ច្បាស់	107
របស់	ខេត្ត	107
របស់	មេដឹកនាំ	107
របស់	ម្ចាស់	107
រហូត	ទៅ	107
រីករាយ	ក្នុង	107
រៀបចំ	កិច្ចប្រជុំ	107
វា	ចាំបាច់	107
វិញ	ដោយ	107
សម្ពោធ	ដាក់	107
ហើយ	ដាក់	107
ហើយ	ឥឡូវ	107
អង្គភាព	ប្រឆាំង	107
អត្ថបទ	ដែល	107
អ្នក	នៅលើ	107
អ្នក	មិនមាន	107
អ្នក	រួម	107
ឱ	យ	107
កាន់	តំបន់	106
ការ	បើកបរ	106
ការ	ប៉ុនប៉ង	106
ការ	ប្តូរ	106
ក្តី	ស្រលាញ់	106
ក្នុង	យុទ្ធនាការ	106
ក្រុម	ទី	106
ខ្លួន	ហើយ	106
គិត	ជា	106
គេហទំព័រ	កាស៊ីណូ	106
ចាប់	រំលោភ	106
ចេញ	លក់	106
ជា	នឹង	106
ជា	ផលិតផល	106
ដី	នៅ	106
ដើម្បី	បម្រើ	106
ដែល	មកពី	106
ដែលមាន	ចំណងជើង	106
ណា	ជា	106
តុលា	ឆ្នាំ	106
ត្រូវបាន	លោក	106
ថា	អ្វី	106
ទូ	ទឹកកក	106
ធាតុ	ផ្សំ	106
និង	ឈ្មោះ	106
និង	ទូរគមនាគមន៍	106
និង	ធនធាន	106
និង	ពី	106
និង	រូបភាព	106
នេះ	គ្រាន់តែ	106
នៅ	វគ្គ	106
បច្ចុប្បន្ន	ជន	106
បន្ត	នៅ	106
បន្ទាប់ពី	អ្នក	106
បាន	កាត់	106
បាន	ច្បាស់	106
បាន	រួមចំណែក	106
បាល់ទាត់	ជម្រើស	106
ប្រជា	ការពារ	106
ប្រជាជន	ចិន	106
ប្រាក់	ដុល្លារ	106
ផែនការ	សកម្មភាព	106
ផ្តល់	ផល	106
ពាណិជ្ជកម្ម	សេរី	106
ពី	មាត់	106
ពី	យើង	106
ព្រមព្រៀង	គ្នា	106
ព្រឹក	នេះ	106
ព្រួយបារម្ភ	អំពី	106
ភ្ជាប់	ទំនាក់ទំនង	106
មិន	បញ្ចេញ	106
មួយ	នោះ	106
ម្ចាស់	ដី	106
របស់	ទីក្រុង	106
រយៈពេល	បី	106
លើកលែង	ទោស	106
លេប	ថ្នាំ	106
លំដាប់	ទី	106
សម្រាប់	កុមារ	106
សម្រាប់	ពួកគេ	106
សំខាន់	នៅ	106
ហួស	ពី	106
ហៅ	ការ	106
អង្គការ	សិទ្ធិមនុស្ស	106
អតិថិជន	ដែល	106
អ្នក	ថា	106
ករុណា	ខ្ញុំ	105
កាន់	មន្ទីរពេទ្យ	105
កាន់តែ	រឹងមាំ	105
ការ	កម្សាន្ត	105
ការ	ខកចិត្ត	105
ការ	សំខាន់	105
ការងារ	និង	105
កំពុង	សិក្សា	105
ក៏	សូម	105
ក្រៅ	ឃុំ	105
ខ្លួន	ដើម្បី	105
ខ្លះ	ដែល	105
គឺ	ក្នុង	105
គ្នា	អាច	105
គ្រប់គ្រាន់	ក្នុង	105
គ្រីប	តូ	105
ចាប់ផ្តើម	ដំបូង	105
ចាប់អារម្មណ៍	លើ	105
ជា	គម្រោង	105
ជា	បុរស	105
ជាមួយ	កូន	105
ជាមួយ	ប្រជា	105
ជិត	ដល់	105
ជីវភាព	របស់	105
ជូន	អតិថិជន	105
ជំនួស	វិញ	105
ជំរុញ	ដល់	105
ជ្រើស	យក	105
ឈ្នះ	ដោយ	105
ដឹង	រឿង	105
ដែរ	ទេ	105
ដែល	ក្រសួង	105
ដែល	បើក	105
ដោយ	នៅ	105
ត្រូវ	ជ្រើសរើស	105
ត្រូវបាន	ទទួល	105
ត្រូវបាន	សាងសង់	105
ត្រូវបាន	អាជ្ញាធរ	105
ថ្ងៃ	កំណើត	105
ថ្លៃ	សេវា	105
ទទួល	នូវ	105
ទុក	ក្នុង	105
ទុកដាក់	ខ្ពស់	105
ទោះជា	យ៉ាង	105
ទៅ	ថ្មី	105
ធ្លាក់	ទៅ	105
ធ្លាក់	ពី	105
នាង	ថា	105
និង	កូរ៉េ	105
និង	ឃុំ	105
និង	ទេសចរណ៍	105
និង	បរិស្ថាន	105
និង	សុខភាព	105
នៅតាម	ដង	105
បន្ថែម	ទៅ	105
បន្ទាប់ពី	នោះ	105
បាន	ត្រៀមខ្លួន	105
