# Khmer lexicon for khmer-engine, built by scripts/build_data.py.
# Words and pronunciations: https://github.com/google/language-resources/tree/master/km
#   Copyright 2018 Google Inc., CC BY 4.0, https://creativecommons.org/licenses/by/4.0/
#   Changed: spellings normalized with pheasa, counts added.
# Counts: segmented khm_Khmr test split of https://huggingface.co/datasets/HuggingFaceFW/fineweb-2
#   ODC-By 1.0, https://opendatacommons.org/licenses/by/1-0/
# Sample: the 3000 most frequent words plus words the tests need.
# word	count	pronunciations (separated by |)
បាន	136888	ɓ aa n
ការ	134859	k aa
និង	114549	n ɨ ŋ
ដែល	94703	ɗ ae l
ក្នុង	88142	k n o ŋ
មាន	84884	m ie n
នៅ	81773	n ɨ w
របស់	78575	r ɔ . ɓ ɑ h
អ្នក	74251	n ea k
នេះ	70972	n i h
ជា	69103	c ie
ថា	61009	th aa
លោក	49071	l oo k
នឹង	44717	n ɨ ŋ
ដោយ	44264	ɗ ao j
ពី	44197	p ii
ទៅ	43203	t ɨ w
ហើយ	42911	h aə j
មិន	40149	m ɨ n
នៃ	36537	n e j
ឆ្នាំ	36070	c n a m
អាច	32421	ʔ aa c
មួយ	31511	m uə j
ដើម្បី	31104	ɗ aə m . ɓ ə j
ធ្វើ	30636	t w əə
ថ្ងៃ	29961	t ŋ a j
មក	27604	m ɔɔ k
ទី	27223	t ii
លើ	26918	l əə
ដល់	25632	ɗ ɑ l
យើង	24867	j əə ŋ
នោះ	24196	n u h
ប្រទេស	23789	p r ɑ . t e h
គឺ	22499	k ɨɨ
ឱ្យ	22376	ʔ ao j
សម្រាប់	22297	s ɑ m . r a p
តាម	22049	t aa m
កម្ពុជា	21626	k a m . p u ʔ . c ie
វា	21304	w ie
ត្រូវបាន	21067	t r ə w . ɓ aa n
ក៏	20253	k ɑɑ
ពេល	19388	p ee l
ខែ	19092	kh ae
ត្រូវ	19074	t r ə w
ខាង	19005	kh aa ŋ
ឬ	18835	r ɨɨ
ខ្ញុំ	18754	k ɲ o m
ទៀត	17675	t iə t
ខ្លួន	17460	k l uə n
ខេត្ត	17376	kh ae t
គេ	17257	k ee
ឡើង	16794	l aə ŋ
ជាមួយ	16395	c ie . m uə j
ទទួល	15924	t ɔ . t uə l
ទេ	15655	t ee
គ្នា	15112	k n ie
ព្រះ	14880	p r ea h
ដ៏	14753	ɗ ɑɑ
ក្រុម	14639	k r o m
ដែលមាន	14285	ɗ ae l . m ie n
គិត	14231	k ɨ t
ភាព	14155	ph ie p
ពួកគេ	13704	p uə k . k ee
យ៉ាង	13698	j aa ŋ
មនុស្ស	13479	m ɔ . n u s
នូវ	13362	n ɨ w
ទាំង	13274	t ea ŋ
ចំនួន	13156	c ɑ m . n uə n
ល្អ	13144	l ʔ ɑɑ
ថ្មី	13096	t m ə j
យក	13066	j ɔɔ k
ជាតិ	13012	c ie t
នាក់	12309	n ea k
គាត់	12164	k oa t
មុន	11695	m u n
ផ្តល់	11523	p ɗ ɑ l
តែ	11407	t ae
គឺជា	11358	k ɨɨ . c ie
ប៉ុន្តែ	11251	p o n . t ae
ថ្លៃ	11169	t l a j
កាលពី	11101	k aa l . p ii
ដាក់	10721	ɗ a k
ចេញ	10605	c ə ɲ
ម្នាក់	10485	m n ea k
អ្វី	10177	ʔ w ə j
ឥត	10159	ʔ ə t
ឈ្មោះ	10115	c m uə h
ក្រុមហ៊ុន	10114	k r o m . h u n
កំពុង	10108	k ɑ m . p u ŋ
ជួយ	9932	c uə j
ច្រើន	9917	c r aə n
ព័ត៌មាន	9904	p oa . r aa . m ie n
ដែរ	9888	ɗ ae
ជាច្រើន	9829	c ie . c r aə n
ផងដែរ	9811	ph ɑɑ ŋ . ɗ ae
បើ	9764	ɓ aə
និយាយ	9594	n i ʔ . j ie j
ការងារ	9510	k aa . ŋ ie
ជន	9442	c u n
ជាង	9397	c ie ŋ
ចំពោះ	9348	c ɑ m . p uə h
ចុះ	9330	c o h
ពលរដ្ឋ	9168	p u l . r oa t
បន្ត	9151	ɓ ɑ n . t ɑɑ
ប្រាក់	9127	p r a k
មុខ	9090	m u k
លេង	9075	l ee ŋ
ផ្លូវ	8870	p l ə w
នៅពេល	8822	n ɨ w . p ee l
ទាំងអស់	8716	t ea ŋ . ʔ ɑ h
ផ្សេង	8696	p s ee ŋ
បំផុត	8659	ɓ ɑ m . ph o t
បង្ហាញ	8648	ɓ ɑ ŋ . h aa ɲ
ចូល	8564	c oo l
កើត	8461	k aə t
ធ្វើការ	8369	t w əə . k aa
ក្រសួង	8158	k r ɑ . s uə ŋ
បញ្ហា	8130	p a ɲ . ɲ h aa
សូម	8107	s oo m
ទឹក	8048	t ɨ k
ចូលរួម	8035	c oo l . r uə m
បន្ថែម	8018	ɓ ɑ n . th ae m
រឿង	7856	r ɨə ŋ
អំពី	7856	ʔ ɑ m . p ii
ជំងឺ	7847	c u m . ŋ ɨɨ
ចិន	7837	c ə n
នាង	7826	n ie ŋ
ប្រើ	7810	p r aə
ចង់	7797	c ɑ ŋ
តំបន់	7770	ɗ ɑ m . ɓ ɑ n
ក្រោម	7656	k r ao m
ប្រើប្រាស់	7544	p r aə . p r a h
កូន	7536	k oo n
នៅលើ	7494	n ɨ w . l əə
ក្រោយ	7466	k r ao j
អាមេរិក	7433	ʔ aa . m ee . r i k
គ្រប់	7363	k r u p
ប្រជា	7346	p r ɑ . c ie
ធំ	7343	th u m
បញ្ជាក់	7320	ɓ a ɲ . c ea k
លើក	7317	l əə k
គ្មាន	7288	k m ie n
ច្បាប់	7199	c ɓ a p
ខ្លាំង	7192	k l a ŋ
ខ្មែរ	7130	k m ae
វិញ	7086	w ɨ ɲ
កម្មវិធី	7017	k a m . w i ʔ . th ii
អោយ	6988	ʔ ao j
រ	6987	r ɔɔ
កាន់	6986	k a n
ពីរ	6857	p ii
ផ្នែក	6842	p n ae k
ឃើញ	6825	kh əə ɲ
ស	6823	s ɑɑ
ស្រុក	6789	s r o k
ដូចជា	6767	ɗ oo c . c ie
ដឹងថា	6682	ɗ ə ŋ . th aa
ការពារ	6542	k aa . p ie
កន្លែង	6533	k ɑ n . l ae ŋ
តើ	6445	t aə
ឡើយ	6416	l aə j
នោះទេ	6374	n uə h . t ee
រូប	6369	r uu p
ណា	6210	n aa
មួយចំនួន	6159	m uə j . c ɑ m . n uə n
ដឹង	6150	ɗ ə ŋ
បើក	6138	ɓ aə k
កាន់តែ	6127	k a n . t ae
ជីវិត	6098	c ii . w ɨ t
បង្កើត	6076	ɓ ɑ ŋ . k aə t
ជាមួយនឹង	6069	c ie . m uə j . n ɨ ŋ
ផ្ទះ	6067	p t ea h
រយៈពេល	6003	r ɔ . j ea ʔ . p ee l
រថយន្ត	5947	r u t . j u n
ជូន	5938	c uu n
ដូច្នេះ	5933	ɗ oo c . c n e h
ហ្គេម	5904	g ee m
សេចក្តី	5842	s a c . k ɗ ə j
សម្តេច	5831	s ɑ m . ɗ a c
ពិភព	5824	p i ʔ . ph u p
បន្ទាប់ពី	5790	ɓ ɑ n . t oa p . p ii
ក៏បាន	5770	k ɑɑ . ɓ aa n
ប្រកួត	5751	p r ɑ . k uə t
រៀបចំ	5696	r iə p . c ɑ m
ភូមិ	5628	ph uu m
មើល	5554	m əə l
គួរ	5549	k uə
សំខាន់	5512	s ɑ m . kh a n
គាំទ្រ	5444	k oa m . t r ɔɔ
ក	5369	k ɑɑ
តម្លៃ	5363	ɗ ɑ m . l a j
ក្រុង	5352	k r o ŋ
ធ្វើឱ្យ	5352	t w əə . ʔ ao j
ព្រោះ	5344	p r uə h
ដូច	5273	ɗ oo c
ប្រសិនបើ	5260	p r ɑ . s ə n . ɓ aə
ម៉ោង	5254	m ao ŋ
មន្ត្រី	5226	m u n . t r ə j
លេខ	5217	l ee k
ទីក្រុង	5214	t ii . k r o ŋ
ប្រព័ន្ធ	5211	p r ɑ . p oa n
ដ	5184	ɗ ɑɑ
វី	5170	w ii
ខ្ពស់	5123	k p uə h
ដំណើរ	5102	ɗ ɑ m . n aə
ភ្នាល់	5096	p n oa l
ឃុំ	5086	kh u m
ភ្នំពេញ	5066	p n u m . p ɨ ɲ
ប្រភេទ	5028	p r ɑ . ph ee t
ប្រធាន	5006	p r ɑ . th ie n
រក	4966	r ɔɔ k
កូ	4921	k oo
ករណី	4830	k a ʔ . r a ʔ . n ə j
ទើប	4828	t əə p
សង្គម	4827	s ɑ ŋ . k u m
គ្រឿង	4815	k r ɨə ŋ
លក់	4806	l uə k
តាមរយៈ	4783	t aa m . r ɔɔ . j ea ʔ
ដុល្លារ	4751	ɗ o l . l aa
អន្តរជាតិ	4747	ʔ ɑ n . t a ʔ . r a ʔ . c ie t
ម្ចាស់	4745	m c a h
ដឹកនាំ	4726	ɗ ə k . n oa m
ចាប់ផ្តើម	4724	c a p . p ɗ aə m
អស់	4719	ʔ ɑ h
កាស៊ីណូ	4696	k aa . s ii . n oo
រដ្ឋាភិបាល	4690	r oa t . th aa . ph i ʔ . ɓ aa l
រងគ្រោះ	4650	r ɔɔ ŋ . k r uə h
អាយុ	4634	ʔ aa . j u ʔ
លាន	4631	l ie n
ជំនាញ	4614	c u m . n ie ɲ
ណាស់	4578	n a h
សុខភាព	4561	s o ʔ . kh a ʔ . ph ie p
នាំ	4548	n oa m
សែន	4548	s ae n
កិច្ច	4534	k ə c
ប្រជាជន	4526	p r ɑ . c ie . c u n
ខណៈ	4505	kh a ʔ . n a ʔ
ហ៊ុន	4501	h u n
ជួប	4486	c uə p
ជើង	4473	c əə ŋ
ស្ត្រី	4442	s t r ə j
រស់នៅ	4411	r uə h . n ɨ w
គ្រប់គ្រង	4408	k r u p . k r ɔɔ ŋ
ទិញ	4391	t ɨ ɲ
ពិត	4386	p ɨ t
ប្រកាស	4383	p r ɑ . k aa h
គណបក្ស	4368	k ea ʔ . n a ʔ . p a ʔ
ប្រាប់	4365	p r a p
ដី	4348	ɗ ə j
នយោបាយ	4345	n ɔɔ . j oo . ɓ aa j
ឯកឧត្តម	4337	ʔ ae k . t u t . ɗ ɑ m
ខ្លះ	4318	k l a h
ដោយសារ	4317	ɗ ao j . s aa
អង្គការ	4291	ʔ ɑ ŋ . k aa
ដំបូង	4276	ɗ ɑ m . ɓ oo ŋ
ថ្នាក់	4265	t n a k
ប្រឆាំង	4245	p r ɑ . ch a ŋ
ប្រុស	4202	p r o h
អនឡាញ	4200	ʔ ɑɑ n . l aa ɲ
ដំណើរការ	4183	ɗ ɑ m . n aə . k aa
ប្រភព	4183	p r ɑ . ph u p
វិស័យ	4174	w i ʔ . s a j
ចិត្ត	4127	c ə t
បុរស	4099	ɓ o ʔ . r ɑ h
ស្រី	4097	s r ə j
តារា	4096	ɗ aa . r aa
កាត់	4071	k a t
សម្រេច	4058	s ɑ m . r a c
សមត្ថកិច្ច	4054	s a ʔ . m a t . th a ʔ . k ə c
ប	4037	ɓ ɑɑ
ឈ្នះ	4014	c n ea h
រង	4013	r ɔɔ ŋ
ទាន់	3986	t oa n
នគរបាល	3971	n ɔ . k ɔɔ . ɓ aa l
ស្លាប់	3938	s l a p
សកម្មភាព	3933	s a ʔ . k a m . m a ʔ . ph ie p
ថៃ	3903	th a j
បាល់ទាត់	3897	ɓ a l . t oa t
ជាប់	3894	c oa p
កម្លាំង	3854	k ɑ m . l a ŋ
គេហទំព័រ	3854	k ee . h a ʔ . t u m . p oa
ដើម	3841	ɗ aə m
លុយ	3840	l u j
កុំ	3809	k o m
រួច	3788	r uə c
កំណត់	3786	k ɑ m . n ɑ t
មកពី	3738	m ɔɔ k . p ii
បណ្តាញ	3737	ɓ ɑ n . ɗ aa ɲ
ពិសេស	3727	p i ʔ . s e h
សេដ្ឋកិច្ច	3724	s ee t . th a ʔ . k ə c
នៅតែ	3715	n ɨ w . t ae
ផលិតផល	3715	ph ɑ l . l ə t . t a ʔ . ph ɑ l
ពាក់ព័ន្ធ	3707	p ea k . p oa n
បច្ចុប្បន្ន	3702	p a c . c o ʔ . ɓ ɑ n
ព្រឹក	3697	p r ɨ k
សិក្សា	3694	s ə k . s aa
ចំណុច	3657	c ɑ m . n o c
គ្រួសារ	3642	k r uə . s aa
មិនមាន	3637	m ɨ n . m ie n
ឱកាស	3631	ʔ ao . k aa h
កីឡាករ	3620	k ə j . l aa . k ɑɑ
រវាង	3590	r ɔ . w ie ŋ
ពិតជា	3584	p ɨ t . c ie
គម្រោង	3581	k u m . r oo ŋ
ទាក់ទង	3571	t ea k . t ɔɔ ŋ
រួម	3570	r uə m
ទាំងនេះ	3569	t ea ŋ . n i h
រដ្ឋមន្ត្រី	3563	r oa t . m u n . t r ə j
រាជធានីភ្នំពេញ	3562	r ie c . th ie . n ii . p n u m . p ɨ ɲ
ថ្លែង	3534	t l ae ŋ
ក្លាយជា	3525	k l aa j . c ie
ទំនាក់ទំនង	3505	t u m . n ea k . t u m . n ɔɔ ŋ
ពួក	3499	p uə k
មិនមែន	3491	m ɨ n . m ɛɛ n
ម៉ាស៊ីន	3490	m aa . s ii n
កីឡា	3447	k ə j . l aa
ផលិត	3441	ph ɑ l . l ə t
ក្មេង	3434	k m ee ŋ
ពិធី	3431	p i ʔ . th ii
រង្វាន់	3429	r u ŋ . w oa n
អាជ្ញាធរ	3426	ʔ aa c . ɲ aa . th ɔɔ
ជាពិសេស	3420	c ie . p i ʔ . s e h
ប៉ុណ្ណោះ	3406	p o n . n o h
ដោយសារតែ	3382	ɗ ao j . s aa . t ae
រដ្ឋ	3376	r oa t
អនុវត្ត	3366	ʔ a ʔ . n u ʔ . w oa t
សង្កាត់	3360	s ɑ ŋ . k a t
បោះឆ្នោត	3344	ɓ ɑ h . c n ao t
ពិនិត្យ	3344	p i ʔ . n ɨ t
ផង	3337	ph ɑɑ ŋ
ក្រៅ	3331	k r a w
លទ្ធផល	3320	l a t . th ea ʔ . ph ɑ l
សង្ស័យ	3303	s ɑ ŋ . s a j
បង្ក	3302	ɓ ɑ ŋ . k ɑɑ
ពាក្យ	3298	p ie k
មូលដ្ឋាន	3282	m uu l . l a t . th aa n
នា	3261	n ie
ជិត	3209	c ɨ t
សប្តាហ៍	3201	s a p . p ɗ aa
ចុងក្រោយ	3197	c o ŋ . k r ao j
ធ្លាប់	3195	t l oa p
អាហារ	3195	ʔ aa . h aa
ខ្សែ	3185	k s ae
ឧបករណ៍	3163	ʔ u ʔ . p a ʔ . k ɑɑ
រូបភាព	3157	r uu p . ph ie p
អារម្មណ៍	3148	ʔ aa . r ɑ m
ឆ្លង	3144	c l ɑɑ ŋ
ន	3138	n ɔɔ
គ្រាប់	3126	k r oa p
កញ្ញា	3121	k a ɲ . ɲ aa
ជនជាតិ	3104	c u n . c ie t
តូច	3101	t oo c
ខ្លួនឯង	3097	k l uə n . ʔ ae ŋ
សត្វ	3093	s a t
រហូតដល់	3092	r ɔ . h oo t . ɗ ɑ l
ឡើងវិញ	3089	l aə ŋ . w ɨ ɲ
ត	3088	t ɑɑ
សមាជិក	3083	s a ʔ . m aa . c ɨ k
ពណ៌	3066	p oa
របៀប	3066	r ɔ . ɓ iə p
ខុស	3065	kh o h
លើកឡើង	3065	l əə k . l aə ŋ
កម្រិត	3058	k ɑ m . r ə t
បញ្ចប់	3052	ɓ a ɲ . c ɑ p
ទុក	3051	t u k
ខណ្ឌ	3037	kh a n
រូបនេះ	3034	r uu p . n i h
ម	3033	m ɔɔ
ស្វែងរក	3031	s w ae ŋ . r ɔɔ k
ទីផ្សារ	3024	t ii . p s aa
ព្យាបាល	3023	p j ie . ɓ aa l
សុវត្ថិភាព	3023	s o ʔ . w a t . th e ʔ . ph ie p
តេជោ	3016	ɗ ee . c oo
ស្គាល់	3016	s k oa l
វីដេអូ	3013	w ii . ɗ ee . ʔ oo
បណ្តាល	3006	ɓ ɑ n . ɗ aa l
នាយករដ្ឋមន្ត្រី	3000	n ie . j uə k . r oa t . m u n . t r ə j
ពេលវេលា	2991	p ee l . w ee . l ie
ចាប់	2984	c a p
សហរដ្ឋ	2974	s a ʔ . h a ʔ . r oa t
ប្រចាំ	2966	p r ɑ . c a m
ម៉ូតូ	2964	m oo . t oo
ផ្ទាល់	2955	p t oa l
ដោះស្រាយ	2934	ɗ ɑ h . s r aa j
ចំណែក	2915	c ɑ m . n ae k
ទីតាំង	2870	t ii . t a ŋ
ផ្សព្វផ្សាយ	2867	p s ɑ p . p s aa j
កូរ៉េ	2863	k oo . r ee
ប្រហែល	2861	p r ɑ . h ae l
អាន	2840	ʔ aa n
លោកស្រី	2836	l oo k . s r ə j
រក្សា	2835	r ea k . s aa
ប្រសើរ	2829	p r ɑ . s aə
ស្ថិតនៅ	2829	s th ə t . n ɨ w
ណាមួយ	2825	n aa . m uə j
ដើរ	2818	ɗ aə
ជ្រើសរើស	2814	c r əə h . r əə h
សម្តែង	2808	s ɑ m . ɗ ae ŋ
កណ្តាល	2800	k ɑ n . ɗ aa l
វៀតណាម	2794	w iə t . n aa m
រដ្ឋបាល	2783	r oa t . th a ʔ . ɓ aa l
ចំណាយ	2760	c ɑ m . n aa j
បងប្អូន	2760	ɓ ɑɑ ŋ . p ʔ oo n
ក្តី	2745	k ɗ ə j
អភិវឌ្ឍ	2745	ʔ a ʔ . ph i ʔ . w oa t
បែបនេះ	2744	ɓ ae p . n i h
រកឃើញ	2744	r ɔɔ k . kh əə ɲ
ផ្លាស់ប្តូរ	2741	p l a h . p ɗ oo
ដៃ	2737	ɗ a j
បង្កើន	2735	ɓ ɑ ŋ . k aə n
នានា	2728	n ie . n ie
នាទី	2726	n ie . t ii
បញ្ចូល	2713	ɓ ɑ ɲ . c oo l
សាលា	2704	s aa . l aa
អត្ថបទ	2700	ʔ a t . th a ʔ . ɓ ɑ t
មហា	2683	m ɔ . h aa
ចាំបាច់	2678	c a m . ɓ a c
ជំរុញ	2677	c u m . r u ɲ
ល	2673	l ɔɔ
ប្រមាណ	2661	p r ɑ . m aa n
ព្រមទាំង	2660	p r ɔɔ m . t ea ŋ
ជោគជ័យ	2647	c oo k . c e j
ក៏ដូចជា	2645	k ɑɑ . ɗ oo c . c ie
ទូរស័ព្ទ	2642	t uu . r ea ʔ . s a p
គ្រាន់តែ	2641	k r oa n . t ae
ណែនាំ	2630	n ae . n oa m
លក្ខណៈ	2617	l ea k . kh a ʔ . n a ʔ
វិធី	2606	w i ʔ . th ii
អាជីវកម្ម	2600	ʔ aa . c ii . w ea ʔ . k a m
អា	2596	ʔ aa
យប់	2592	j u p
តែងតែ	2591	t ae ŋ . t ae
ធ្លាក់	2590	t l ea k
បាញ់	2589	ɓ a ɲ
ល្បែង	2587	l ɓ ae ŋ
ចាក់	2575	c a k
លើស	2571	l əə h
ងាយស្រួល	2566	ŋ ie j . s r uə l
សៀមរាប	2565	s iə m . r ie p
ទាំងនោះ	2564	t ea ŋ . n u h
អនុញ្ញាត	2564	ʔ a ʔ . n u ʔ . ɲ aa t
រៀន	2562	r iə n
សហគមន៍	2559	s a ʔ . h a ʔ . k u m
កើន	2551	k aə n
ពាណិជ្ជកម្ម	2547	p ie . n ɨ c . c ea ʔ . k a m
បន្ទាប់	2545	ɓ ɑ n . t oa p
អតិថិជន	2533	ʔ a ʔ . t e ʔ . th e ʔ . c u n
សារព័ត៌មាន	2524	s aa . r a ʔ . p oa . t a ʔ . m ie n
ជុំវិញ	2515	c u m . w ɨ ɲ
ជម្រើស	2508	c u m . r əə h
អតីត	2508	ʔ a ʔ . ɗ ɨ t
វ៉ាក់សាំង	2506	w a k . s a ŋ
បញ្ជូន	2497	ɓ a ɲ . c uu n
ត្រូវការ	2492	t r ə w . k aa
ជាដើម	2489	c ie . ɗ aə m
ប៉ុន្មាន	2485	p o n . m aa n
រាល់	2474	r oa l
បន្ថយ	2473	ɓ ɑ n . th ɑɑ j
យោងតាម	2463	j oo ŋ . t aa m
បិទ	2450	ɓ ə t
ស្លត	2446	s l ɑɑ t
ទេសចរណ៍	2442	t ee . s a ʔ . c ɑɑ
កំពូល	2441	k ɑ m . p uu l
អភិវឌ្ឍន៍	2436	ʔ a ʔ . ph i ʔ . w oa t
អង្គ	2422	ʔ ɑ ŋ
ដង	2415	ɗ ɑɑ ŋ
បទ	2409	ɓ ɑ t
ថ្ងៃនេះ	2406	t ŋ a j . n i h
រហូត	2398	r ɔ . h oo t
កើតហេតុ	2390	k aə t . h ae t
បុណ្យ	2387	ɓ o n
តែម្តង	2380	t ae . m ɗ ɑɑ ŋ
ភ្លាម	2376	p l ie m
ជប៉ុន	2369	c ɔ . p o n
ស្រាវជ្រាវ	2367	s r aa w . c r ie w
ត្រូវតែ	2360	t r ə w . t ae
ទ្រង់	2348	t r u ŋ
ត្បូង	2347	t ɓ oo ŋ
សមត្ថភាព	2333	s a ʔ . m a t . th a ʔ . ph ie p
ចំណោម	2320	c ɑ m . n ao m
អប់រំ	2320	ʔ ɑ p . r u m
ស្រប	2316	s r ɑɑ p
ក៏ដោយ	2312	k ɑɑ . ɗ ao j
រាជរដ្ឋាភិបាល	2305	r ie c . r oa t . th aa . ph i ʔ . ɓ aa l
យុវជន	2299	j u ʔ . w ea ʔ . c u n
វិនិយោគ	2295	w i ʔ . n i ʔ . j oo k
របួស	2293	r ɔ . ɓ uə h
សិទ្ធិ	2289	s ə t
ពេញ	2287	p ɨ ɲ
បា	2282	ɓ aa
អត់	2281	ʔ ɑ t
ឈាម	2278	ch ie m
នៅតាម	2254	n ɨ w . t aa m
តុលាការ	2252	t o ʔ . l aa . k aa
រីករាយ	2249	r ii k . r ie j
ត្រឹមត្រូវ	2241	t r ə m . t r ə w
ភាគី	2236	ph ie . k ii
ប្រកបដោយ	2231	p r ɑ . k ɑɑ p . ɗ ao j
ចូលទៅ	2229	c oo l . t ɨ w
ស្ថានភាព	2219	s th aa n . ph ie p
ភាគច្រើន	2213	ph ie k . c r aə n
យ៉ាងណា	2207	j aa ŋ . n aa
ប្រយុទ្ធ	2206	p r ɑ . j u t
ថ្នាំ	2205	t n a m
ស្ថិត	2197	s th ə t
ក្បាល	2191	k ɓ aa l
សរុប	2191	s a ʔ . r o p
គ្រោះថ្នាក់	2190	k r uə h . t n a k
អះអាង	2188	ʔ a h . ʔ aa ŋ
ថវិកា	2185	th a ʔ . w i ʔ . k aa
តំណាង	2184	ɗ ɑ m . n aa ŋ
ប្រធានាធិបតី	2184	p r ɑ . th ie . n ie . th ɨ p . p a ʔ . ɗ ə j
ធម្មជាតិ	2182	th oa m . m ea ʔ . c ie
រុស្ស៊ី	2181	r u h . s ii
គំនិត	2180	k u m . n ɨ t
ម៉ឺន	2172	m əə n
ង	2170	ŋ ɔɔ
នាពេល	2163	n ie . p ee l
បំពេញ	2160	ɓ ɑ m . p ɨ ɲ
អំពើ	2160	ʔ ɑ m . p əə
កន្លងមក	2157	k ɑ n . l ɑɑ ŋ . m ɔɔ k
ហៅ	2157	h a w
សន្តិសុខ	2154	s ɑ n . t e ʔ . s o k
កម្សាន្ត	2153	k ɑ m . s aa n
លោកអ្នក	2148	l oo k . n ea k
កុមារ	2144	k o ʔ . m aa
ដូចគ្នា	2141	ɗ oo c . k n ie
បច្ចេកវិទ្យា	2139	p a ʔ . c ee k . w i ʔ . t j ie
ស្បែក	2135	s ɓ ae k
ប្រសាសន៍	2133	p r ɑ . s aa h
ដទៃ	2126	ɗ ɑɑ . t e j
ភ្ញៀវ	2121	p ɲ iə w
បី	2119	ɓ ə j
មករា	2113	m ea ʔ . k a ʔ . r aa
បារាំង	2107	ɓ aa . r a ŋ
ជាមួយគ្នា	2105	c ie . m uə j . k n ie
សាធារណៈ	2104	s aa . th ie . r a ʔ . n a ʔ
ច្បាស់	2090	c ɓ a h
ធានា	2090	th ie . n ie
ទោះបីជា	2078	t uə h . ɓ ə j . c ie
យល់	2075	j u l
ចូលចិត្ត	2070	c oo l . c ə t
ឃាត់	2061	kh oa t
ន័យ	2061	n e j
បរទេស	2061	ɓ ɑɑ . r ɔ . t e h
រួមមាន	2059	r uə m . m ie n
បែប	2057	ɓ ae p
សុំ	2057	s o m
ជំនួយ	2046	c u m . n uə j
សួរ	2039	s uə
អង់គ្លេស	2037	ʔ ɑ ŋ . k l ee h
កិច្ចការ	2029	k ə c . k aa
គុណភាព	2024	k u n . n a ʔ . ph ie p
គួរតែ	2006	k uə . t ae
វេលា	2001	w ee . l ie
ទុកដាក់	1992	t u k . ɗ a k
ចាប់ពី	1989	c a p . p ii
ធនាគារ	1989	th ea ʔ . n ie . k ie
សារ	1989	s aa
សាងសង់	1986	s aa ŋ . s ɑ ŋ
ចាស់	1985	c a h
ហ្នឹង	1985	n ə ŋ
ភេទ	1982	ph ee t
អញ្ជើញ	1982	ʔ a ɲ . c əə ɲ
គោលដៅ	1977	k oo l . ɗ a w
សេវាកម្ម	1976	s ee . w aa . k a m
ស្អាត	1975	s ʔ aa t
ឯ	1970	ʔ ae
ឯកសារ	1969	ʔ ae k . k a ʔ . s aa
ទំហំ	1960	t u m . h u m
សហការ	1958	s a ʔ . h a ʔ . k aa
សមុទ្រ	1957	s a ʔ . m o t
យ	1951	j ɔɔ
ជិះ	1950	c i h
កិច្ចប្រជុំ	1948	k ə c . p r ɑ . c u m
គ	1943	k ɔɔ
ក្លឹប	1942	k l ə p
អ្នកស្រី	1925	n ea k . s r ə j
សម	1920	s ɑɑ m
ព្យាយាម	1915	p j ie . j ie m
ត្រឹមតែ	1914	t r ə m . t ae
អំណាច	1912	ʔ ɑ m . n aa c
ទូទាំង	1909	t uu . t ea ŋ
ត្រឡប់	1899	t r ɑ . l ɑ p
ដឹក	1895	ɗ ə k
សម្លាប់	1895	s ɑ m . l a p
មន្ទីរពេទ្យ	1892	m u n . t ii . p ee t
ចុង	1888	c o ŋ
ទស្សនា	1872	t uə h . s a ʔ . n aa
បណ្តា	1872	ɓ ɑ n . ɗ aa
មន្ទីរ	1871	m u n . t ii
យកចិត្ត	1865	j ɔɔ k . c ə t
ភ្ជាប់	1846	p c oa p
វគ្គ	1846	w ea k
ថាមពល	1841	th aa . m ea ʔ . p u l
បាត់បង់	1837	ɓ a t . ɓ ɑ ŋ
ផែនការ	1837	ph ae n . k aa
ចាប់អារម្មណ៍	1829	c a p . ʔ aa . r ɑ m
ប្រសិទ្ធភាព	1829	p r ɑ . s ə t . th ea ʔ . ph ie p
ព	1829	p ɔɔ
សេវា	1822	s ee . w aa
បាត់	1815	ɓ a t
ភាគ	1815	ph ie k
ឈាន	1809	ch ie n
ទៅជា	1807	t ɨ w . c ie
អឺរ៉ុប	1806	ʔ əə . r o p
ដៃគូ	1799	ɗ a j . k uu
ក្រោយពី	1797	k r ao j . p ii
តម្រូវការ	1796	ɗ ɑ m . r ə w . k aa
តុលា	1793	t o ʔ . l aa
ពិភាក្សា	1791	p i ʔ . ph ea k . s aa
កសាង	1789	k ɑɑ . s aa ŋ
ចោល	1788	c ao l
ផ្លូវការ	1787	p l ə w . k aa
ពង្រឹង	1785	p u ŋ . r ɨ ŋ
តាំងពី	1782	t a ŋ . p ii
ហ្វេសប៊ុក	1778	f ee s . ɓ uu k
ធម្មតា	1774	th oa m . m ea ʔ . ɗ aa
វិធានការ	1774	w i ʔ . th ie n . n ea ʔ . k aa
ស៊ី	1774	s ii
កំពុងតែ	1773	k ɑ m . p u ŋ . t ae
ភាសា	1772	ph ie . s aa
ត្រី	1771	t r ə j
ព្រឹត្តិការណ៍	1769	p r ɨ t . t e ʔ . k aa
ស្រឡាញ់	1769	s r ɑ . l a ɲ
យោធា	1765	j oo . th ie
ដក	1762	ɗ ɑɑ k
ប៉ះពាល់	1758	p a h . p oa l
រាយការណ៍	1755	r ie j . k aa
គោរព	1754	k oo . r u p
ឥឡូវ	1748	ʔ ə j . l ə w
អស្ចារ្យ	1744	ʔ ɑ h . c aa
តិច	1742	t ə c
វប្បធម៌	1740	w a p . p a ʔ . th oa
មេ	1739	m ee
អ៊ីនធឺណិត	1738	ʔ ii n . th əə . n ə t
បុគ្គលិក	1737	ɓ o k . k ea ʔ . l ɨ k
ស្ថាប័ន	1737	s th aa . ɓ a n
ឈើ	1735	ch əə
កម្មករ	1733	k a m . m ea ʔ . k ɑɑ
ច	1731	c ɑɑ
បង្ហោះ	1728	ɓ ɑ ŋ . h ɑ h
បន្ទប់	1726	ɓ ɑ n . t u p
ចេះ	1725	c e h
ពួកគាត់	1725	p uə k . k oa t
ជាក់ស្តែង	1723	c ea k . s ɗ ae ŋ
យូរ	1721	j uu
សាច់	1720	s a c
បម្រើ	1718	ɓ ɑ m . r aə
ម្តាយ	1716	m ɗ aa j
ថត	1708	th ɑɑ t
ប្រតិបត្តិការ	1708	p r ɑ . t e ʔ . ɓ a t . k aa
ល្បី	1707	l ɓ ə j
ចុច	1705	c o c
មូលហេតុ	1700	m uu . l ea ʔ . h ae t
ភ្នែក	1698	p n ɛɛ k
សរសេរ	1696	s ɑɑ . s ee
បច្ចេកទេស	1691	p a c . c ae k . k a ʔ . t e h
វិច្ឆិកា	1691	w ɨ c . ch e ʔ . k aa
កន្លង	1685	k ɑ n . l ɑɑ ŋ
ក្នុងស្រុក	1684	k n o ŋ . s r o k
វាយ	1681	w ie j
ចរាចរណ៍	1679	c a ʔ . r aa . c ɑɑ
របាយការណ៍	1678	r ɔ . ɓ aa j . k aa
ដដែល	1675	ɗ ɑ . ɗ ae l
មែន	1675	m ɛɛ n
បរិស្ថាន	1673	p a ʔ . r ɨ h . th aa n
សំឡេង	1673	s ɑ m . l ee ŋ
រត់	1672	r u t
លឿន	1672	l ɨə n
ពាក់	1660	p ea k
លំបាក	1660	l u m . ɓ aa k
ភាគរយ	1659	ph ie k . r ɔɔ j
ដំណឹង	1658	ɗ ɑ m . n ə ŋ
រន្ធ	1656	r u n
កា	1652	k aa
មិត្ត	1649	m ɨ t
មិថុនា	1649	m i ʔ . th o ʔ . n aa
ស្តាប់	1648	s ɗ a p
ចំ	1647	c ɑ m
នាយ	1647	n ie j
បុគ្គល	1639	ɓ o k . k u l
បន្តិច	1637	ɓ ɑ n . t ə c
ម៉ាក	1637	m aa k
គោល	1635	k oo l
សារធាតុ	1633	s aa . r a ʔ . th ie t
អ	1632	ʔ ɑɑ
ទិន្នន័យ	1630	t ɨ n . n ea ʔ . n e j
ម៉ែត្រ	1630	m ae t
ចម្រៀង	1623	c ɑ m . r iə ŋ
ឆ្លើយតប	1623	c l aə j . t ɑɑ p
រាប់	1623	r oa p
កសិកម្ម	1621	k a ʔ . s e ʔ . k a m
ពុំ	1621	p u m
បង់	1618	ɓ ɑ ŋ
ផល	1617	ph ɑ l
វ័យ	1617	w e j
ហិរញ្ញវត្ថុ	1613	h e ʔ . r a ɲ . w oa t . th o ʔ
ទោះជា	1609	t uə h . c ie
បង	1609	ɓ ɑɑ ŋ
ត្រួតពិនិត្យ	1607	t r uə t . p i ʔ . n ɨ ʔ
បទពិសោធន៍	1607	ɓ ɑ t . p i ʔ . s ao t
ទាមទារ	1606	t ie m . t ie
សីហា	1606	s ə j . h aa
ម្តង	1605	m ɗ ɑɑ ŋ
ពាន់	1598	p oa n
ព្រះសីហនុ	1595	p r ea h . s ə j . h a ʔ . n u ʔ
ការិយាល័យ	1586	k aa . r e ʔ . j aa . l a j
កក្កដា	1585	k a ʔ . k a t . ɗ aa
សុខ	1582	s o k
ទំនើប	1580	t u m . n əə p
វ	1577	w ɔɔ
សង្គ្រាម	1575	s ɑ ŋ . k r ie m
ប្រឈម	1574	p r ɑ . ch ɔɔ m
យន្តហោះ	1574	j u n . h ɑ h
សប្បាយ	1564	s a p . ɓ aa j
នាម	1562	n ie m
ឧសភា	1561	ʔ u ʔ . s a ʔ . ph ie
ផ្ទាល់ខ្លួន	1560	p t oa l . k l uə n
ព្រំដែន	1559	p r u m . ɗ ae n
របប	1559	r ɔ . ɓ ɑɑ p
នៅឡើយ	1553	n ɨ w . l aə j
មើលឃើញ	1552	m əə l . kh əə ɲ
ធ្នូ	1546	t n uu
កងទ័ព	1540	k ɑɑ ŋ . t oa p
ធ្វើជា	1539	t w əə . c ie
ឯង	1533	ʔ ae ŋ
រោងចក្រ	1532	r oo ŋ . c a k
បាល់	1526	ɓ a l
វាយប្រហារ	1524	w ie j . p r ɑ . h aa
រាងកាយ	1522	r ie ŋ . k aa j
ផ្សាយ	1520	p s aa j
ប្រមូល	1519	p r ɑ . m oo l
ក្រៅពី	1518	k r a w . p ii
មីនា	1514	m ii . n ie
ត្រឹម	1510	t r ə m
សិស្ស	1509	s ə h
ងាយ	1508	ŋ ie j
ជឿ	1508	c ɨə
សញ្ញា	1502	s ɑ ɲ . ɲ aa
បើកបរ	1501	ɓ aə k . ɓ ɑɑ
ស្តីពី	1498	s ɗ ə j . p ii
អាស៊ាន	1498	ʔ aa . s ie n
ទឹកចិត្ត	1493	t ɨ k . c ə t
លិច	1491	l ɨ c
ក្រុមប្រឹក្សា	1489	k r o m . p r ə k . s aa
ហាង	1489	h aa ŋ
ពេញនិយម	1488	p ɨ ɲ . n i ʔ . j u m
អី	1486	ʔ ə j
ធ្ងន់ធ្ងរ	1474	t ŋ u n . t ŋ ɔɔ
គណនី	1472	k ea ʔ . n a ʔ . n ii
ព្រមព្រៀង	1472	p r ɔɔ m . p r iə ŋ
ទំនិញ	1467	t u m . n ɨ ɲ
ទៅវិញ	1459	t ɨ w . w ɨ ɲ
ទំព័រ	1455	t u m . p oa
ដឹកជញ្ជូន	1450	ɗ ə k . c u ɲ . c uu n
សម្រេចចិត្ត	1450	s ɑ m . r a c . c ə t
ទាក់ទាញ	1448	t ea k . t ie ɲ
រដូវ	1448	r ɔ . ɗ ə w
បញ្ជា	1447	ɓ a ɲ . c ie
សក់	1446	s ɑ k
រួមទាំង	1445	r uə m . t ea ŋ
សាកល្បង	1443	s aa k . l ɓ ɑɑ ŋ
ជាងគេ	1441	c ie ŋ . k ee
សុខាភិបាល	1441	s o ʔ . kh aa . ph i ʔ . ɓ aa l
សង្គ្រោះ	1439	s ɑ ŋ . k r uə h
ក្តៅ	1437	k ɗ a w
សម្រួល	1437	s ɑ m . r uə l
ពិតប្រាកដ	1435	p ɨ t . p r aa . k ɑ t
មាត់	1434	m oa t
នរណា	1427	n ɔ . n aa
នារី	1424	n ie . r ii
លី	1423	l ii
រៀល	1422	r iə l
មេរោគ	1421	m ee . r oo k
គូ	1412	k uu
បញ្ចេញ	1410	ɓ a ɲ . c ə ɲ
ប្រព្រឹត្ត	1402	p r ɑ . p r ɨ t
គោលបំណង	1401	k oo l . ɓ ɑ m . n ɑɑ ŋ
ភ្នំ	1401	p n u m
វត្ត	1396	w oa t
សិល្បៈ	1395	s ə l . l a ʔ . p a ʔ
បក្ស	1393	p a k
បណ្តុះបណ្តាល	1390	ɓ ɑ n . ɗ o h . ɓ ɑ n . ɗ aa l
ឧស្សាហកម្ម	1389	ʔ u h . s aa . h a ʔ . k a m
ចែករំលែក	1388	c ae k . r u m . l ɛɛ k
អនាគត	1388	ʔ a ʔ . n aa . k u t
មេសា	1386	m ee . s aa
ទប់ស្កាត់	1385	t u p . s k a t
យុទ្ធសាស្ត្រ	1384	j u t . th ea ʔ . s aa h
សហប្រតិបត្តិការ	1381	s a ʔ . h a ʔ . p r ɑ . t e ʔ . ɓ a t . k aa
ខ្លី	1380	k l ə j
ពិបាក	1380	p i ʔ . ɓ aa k
បំណង	1379	ɓ ɑ m . n ɑɑ ŋ
ការអនុវត្ត	1378	k aa . ʔ a ʔ . n u ʔ . w oa t
កុម្ភៈ	1378	k u m . ph ea ʔ
ផ្ទៃ	1374	p t e j
ខ្មៅ	1373	k m a w
ទឹកដី	1372	t ɨ k . ɗ ə j
តែង	1365	t ae ŋ
ឧត្តមសេនីយ៍	1365	ʔ u t . ɗ ɑ m . s ee . n ə j
ធនធាន	1364	th u n . th ie n
រចនា	1361	r a c . c a ʔ . n aa
បញ្ជី	1352	ɓ ɑ ɲ . c ii
ត្រៀម	1350	t r iə m
អាវុធ	1349	ʔ aa . w u t
ភ្លើង	1345	p l əə ŋ
ឆ្លងកាត់	1343	c l ɑɑ ŋ . k a t
ភ្ញាក់ផ្អើល	1343	p ɲ ea k . p ʔ aə l
ចិញ្ចឹម	1340	c ə ɲ . c ə m
ពីនេះ	1340	p ii . n i h
សន្តិភាព	1340	s ɑ n . t e ʔ . ph ie p
ឃើញថា	1338	kh əə ɲ . th aa
មាស	1338	m ie h
ដោយឡែក	1337	ɗ ao j . l ae k
បុក	1337	ɓ o k
ផ្សារ	1336	p s aa
ទីនេះ	1334	t ii . n i h
ក្លិប	1333	k l ə p
លួច	1331	l uə c
វិភាគ	1321	w i ʔ . ph ie k
ឡាន	1320	l aa n
ការ៉ាត់	1314	k aa . r a t
តួនាទី	1314	t uə . n ie . t ii
អាទិត្យ	1312	ʔ aa . t ɨ t
បាត់ដំបង	1311	ɓ a t . ɗ ɑ m . ɓ ɑɑ ŋ
ពោល	1309	p oo l
ក្រហម	1308	k r ɑ . h ɑɑ m
ទាប	1308	t ie p
តែមួយ	1305	t ae . m uə j
រសៀល	1304	r ɔ . s iə l
សមាគម	1301	s a ʔ . m aa . k u m
អាស៊ី	1297	ʔ aa . s ii
យ៉ាងណាក៏ដោយ	1292	j aa ŋ . n aa . k ɑɑ . ɗ ao j
គ្រូពេទ្យ	1290	k r uu . p ee t
ប្រពន្ធ	1290	p r ɑ . p u n
ក្រុមគ្រួសារ	1289	k r o m . k r uə . s aa
ស្មើ	1288	s m aə
ចាំ	1287	c a m
ប្រាសាទ	1286	p r aa . s aa t
ឯកជន	1285	ʔ ae k . k a ʔ . c u n
គ្រប់គ្រាន់	1283	k r u p . k r oa n
កង់	1280	k ɑ ŋ
រំពឹង	1279	r u m . p ɨ ŋ
វេទិកា	1279	w ee . t i ʔ . k aa
អំពាវនាវ	1279	ʔ ɑ m . p ie w . w ea ʔ . n ie w
សៀវភៅ	1273	s iə w . ph ɨ w
ជ	1272	c ɔɔ
ប្រែ	1272	p r ae
ប្រគល់	1270	p r ɑ . k u l
ផលប៉ះពាល់	1268	ph ɑ l . p a h . p oa l
រង់ចាំ	1266	r u ŋ . c a m
ថ្ម	1263	t m ɑɑ
កាល	1260	k aa l
ទាំងស្រុង	1256	t ea ŋ . s r o ŋ
ចាប់តាំងពី	1255	c a p . t a ŋ . p ii
មេដឹកនាំ	1255	m ee . ɗ ə k . n oa m
ឥទ្ធិពល	1255	ʔ ə t . th i ʔ . p u l
អភិបាល	1253	ʔ a ʔ . ph i ʔ . ɓ aa l
ថែមទៀត	1249	th ae m . t iə t
ពេក	1249	p ee k
នីមួយ	1246	n ii . m uə j
មុខងារ	1246	m u k . ŋ ie
រីកចម្រើន	1246	r ii k . c ɑ m . r aə n
ស្នើ	1246	s n aə
គណៈកម្មាធិការ	1245	k ea ʔ . n a ʔ . k a m . m aa . th i ʔ . k aa
សំណាង	1245	s ɑ m . n aa ŋ
ស្នាក់នៅ	1245	s n a k . n ɨ w
ជំនឿ	1241	c u m . n ɨə
ផ្ទុក	1240	p t u k
បង្ក្រាប	1239	ɓ ɑ ŋ . k r aa p
ឈរ	1236	ch ɔɔ
ខ្យល់	1231	k j ɑ l
ទាំងមូល	1231	t ea ŋ . m uu l
ចោទប្រកាន់	1228	c ao t . p r ɑ . k a n
ឆ្ងាយ	1222	c ŋ aa j
រៀងរាល់	1222	r iə ŋ . r oa l
សូវ	1222	s ə w
អ៊ុយក្រែន	1220	ʔ u j . k r ae n
ផ្គត់ផ្គង់	1218	p k u t . p k u ŋ
ប្តូរ	1216	p ɗ oo
មជ្ឈមណ្ឌល	1216	m a c . ch ea ʔ . m u n . ɗ u l
ប្រយោជន៍	1215	p r ɑ . j ao c
ទូទៅ	1214	t uu . t ɨ w
រីក	1214	r ii k
ដាច់	1211	ɗ a c
រួមគ្នា	1207	r uə m . k n ie
ដំណាក់កាល	1206	ɗ ɑ m . n a k . k aa l
ព្រៃ	1204	p r e j
ជំនួស	1201	c u m . n uə h
ប្តី	1201	p ɗ ə j
បណ្ឌិត	1198	ɓ ɑ n . ɗ ɨ t
តាមដាន	1197	t aa m . ɗ aa n
សិទ្ធិមនុស្ស	1194	s ɨ t . m n u h
អំឡុងពេល	1189	ʔ ɑ m . l o ŋ . p ee l
សង្ឃឹម	1187	s ɑ ŋ . kh ɨ m
បង្វិល	1186	ɓ ɑ ŋ . w ə l
តេស្ត	1185	t ee h
សុទ្ធតែ	1180	s o t . t ae
ឆាប់	1177	ch a p
អាក្រក់	1177	ʔ aa . k r ɑ k
ថែរក្សា	1176	th ae . r ea k . s aa
សម័យ	1176	s a ʔ . m a j
ស្រលាញ់	1174	s r ɑ . l a ɲ
នាយក	1173	n ie . j uə k
រឹងមាំ	1173	r ɨ ŋ . m oa m
សំណង់	1173	s ɑ m . n ɑ ŋ
ត្រង់	1172	t r ɑ ŋ
មានតែ	1166	m ie n . t ae
ម្តងទៀត	1165	m ɗ ɑɑ ŋ . t iə t
ឥណ្ឌា	1161	ʔ ə n . ɗ ie
ទទួលស្គាល់	1160	t ɔ . t uə l . s k oa l
ប្រចាំថ្ងៃ	1160	p r ɑ . c a m . t ŋ a j
ឈប់	1159	ch u p
ពង្រីក	1156	p u ŋ . r ii k
ល្ងាច	1155	l ŋ ie c
សហព័ន្ធ	1152	s a ʔ . h a ʔ . p oa n
ចែក	1151	c ae k
ទម្រង់	1150	t u m . r u ŋ
ប៉ុស្តិ៍	1150	p o h
ជំនាន់	1148	c u m . n oa n
ទាំងឡាយ	1147	t ea ŋ . l aa j
ទម្ងន់	1146	t u m . ŋ u n
ទទួលខុសត្រូវ	1145	t ɔ . t uə l . kh o h . t r oo w
ហេតុការណ៍	1143	h ae t . k aa
នាំពាក្យ	1141	n oa m . p ie k
វត្ថុ	1141	w oa t . th o ʔ
មហាជន	1140	m ɔɔ . h aa . c u n
គ្រូ	1133	k r uu
ស្នេហា	1133	s n ee . h aa
ញ៉ាំ	1128	ɲ a m
ផ្ទុះ	1128	p t u h
សំណាក់	1128	s ɑ m . n a k
ទាញយក	1126	t ie ɲ . j ɔɔ k
តំណែង	1125	ɗ ɑ m . n ae ŋ
ពិន្ទុ	1124	p ɨ n . t u ʔ
ការបរទេស	1123	k aa . ɓ ɑɑ . r a ʔ . t ee h
កោះ	1113	k ɑ h
ប្រពៃណី	1112	p r ɑ . p e j . n ə j
មុខរបរ	1108	m u k . r ɔ . ɓ ɑɑ
ធ្ងន់	1105	t ŋ u n
រាលដាល	1103	r ie l . ɗ aa l
ទន្លេ	1100	t u n . l ee
ល្បឿន	1099	l ɓ ɨə n
វត្តមាន	1098	w oa t . t a ʔ . m ie n
ស្រស់ស្អាត	1095	s r ɑ h . s ʔ aa t
ហេតុផល	1095	h ae t . ph ɑ l
ចាប់ខ្លួន	1094	c a p . k l uə n
ថែមទាំង	1091	th ae m . t ea ŋ
អង្គភាព	1089	ʔ ɑ ŋ . k ea ʔ . ph ie p
ម្សិលមិញ	1088	m s ə l . m ɨ ɲ
បង្រៀន	1087	ɓ ɑ ŋ . r iə n
តែប៉ុណ្ណោះ	1083	t ae . p o n . n ɑ h
ឈឺ	1081	ch ɨɨ
សព្វថ្ងៃ	1081	s ɑ p . t ŋ a j
ផ្តោត	1080	p ɗ ao t
ប្រជុំ	1077	p r ɑ . c u m
ចាកចេញ	1075	c aa k . c ə ɲ
បទល្មើស	1071	ɓ ɑ t . l m əə h
ស្រាប់តែ	1071	s r a p . t ae
អាវ	1071	ʔ aa w
គ្រឿងញៀន	1070	k r ɨə ŋ . ɲ iə n
ទៀតផង	1069	t iə t . ph ɑɑ ŋ
ស្នើសុំ	1068	s n aə . s o m
បុរាណ	1067	ɓ o ʔ . r aa n
ផ្លែ	1064	p l ae
ច្បាស់លាស់	1063	c ɓ a h . l oa h
បន្តបន្ទាប់	1061	ɓ ɑ n . t ɑɑ . ɓ ɑ n . t oa p
សុបិន	1061	s o ʔ . ɓ ə n
ប្រេង	1059	p r ee ŋ
រ៉ូឡែត	1059	r oo . l ae t
ឪពុក	1056	ʔ ə w . p u k
ដែន	1053	ɗ ae n
បង្កើតឡើង	1053	ɓ ɑ ŋ . k aə t . l aə ŋ
គណៈកម្មការ	1052	k ea ʔ . n a ʔ . k a m . m ea ʔ . k aa
លិខិត	1048	l i ʔ . kh ə t
កងកម្លាំង	1047	k ɑɑ ŋ . k ɑ m . l a ŋ
ទេសចរ	1045	t ee . s a ʔ . c ɑɑ
នាំគ្នា	1045	n oa m . k n ie
រាជាណាចក្រ	1045	r ie c . c ie . n aa . c a k
សា	1044	s aa
ជួញដូរ	1042	c uə ɲ . ɗ oo
ផលិតកម្ម	1041	ph ɑɑ . l ə t . t a ʔ . k a m
ប្រវត្តិសាស្ត្រ	1040	p r ɑ . w oa t . t e ʔ . s aa h
ជាងមុន	1039	c ie ŋ . m u n
លទ្ធភាព	1038	l a t . th ea ʔ . ph ie p
គួរឲ្យ	1035	k uə . ʔ ao j
សោះ	1034	s ɑ h
ទូរទស្សន៍	1033	t uu . r ea ʔ . t uə h
បំផ្លាញ	1033	ɓ ɑ m . p l aa ɲ
ប៉ូលិស	1033	p oo . l i h
ប្អូន	1033	p ʔ oo n
ឈុត	1032	ch u t
ប្រកួតប្រជែង	1032	p r ɑ . k uə t . p r ɑ . c ɛɛ ŋ
រដូវកាល	1029	r ɔ . ɗ ə w . k aa l
លំដាប់	1028	l u m . ɗ a p
នី	1027	n ii
ពីព្រោះ	1027	p ii . p r uə h
បេះដូង	1026	ɓ e h . ɗ oo ŋ
រិះគន់	1026	r i h . k u n
ដំណោះស្រាយ	1025	ɗ ɑ m . n ɑ h . s r aa j
សង្គ្រោះជាតិ	1025	s ɑ ŋ . k r uə h . c ie t
កសិករ	1023	k a ʔ . s e ʔ . k ɑɑ
យុត្តិធម៌	1020	j u t . t e ʔ . th oa
វីរុស	1020	w ii . r u h
ប្រាកដ	1019	p r aa . k ɑ t
វាយតម្លៃ	1019	w ie j . ɗ ɑ m . l a j
សូម្បីតែ	1018	s oo m . ɓ ə j . t ae
បណ្តោយ	1016	ɓ ɑ n . ɗ ao j
សម្ភារៈ	1015	s ɑ m . ph ie . r ea ʔ
ចន្លោះ	1014	c ɑ n . l ɑ h
រំភើប	1011	r u m . ph əə p
ខិតខំ	1010	kh ə t . kh ɑ m
ហ៊ាន	1009	h ie n
អគារ	1008	ʔ a ʔ . k ie
ជួល	1006	c uə l
កំណើត	1005	k ɑ m . n aə t
ក្រោយមក	1004	k r ao j . m ɔɔ k
ទីនោះ	1004	t ii . n u h
សុខា	1002	s o k . kh aa
អត្ថប្រយោជន៍	1000	ʔ a t . th a ʔ . p r ɑ . j ao c
កត្តា	999	k a t . t aa
ចាញ់	995	c a ɲ
ពានរង្វាន់	993	p ie n . r u ŋ . w oa n
សកម្ម	992	s a ʔ . k a m
លោកជំទាវ	991	l oo k . c u m . t ie w
យុទ្ធនាការ	989	j u t . th ea ʔ . n ie . k aa
ជីវភាព	987	c ii . w ea ʔ . ph ie p
មើលទៅ	987	m əə l . t ɨ w
ពេញលេញ	985	p ɨ ɲ . l ɨ ɲ
លែង	985	l ɛɛ ŋ
បណ្តឹង	984	ɓ ɑ n . ɗ ə ŋ
ចលនា	982	c ɑ l . l a ʔ . n aa
ហៅថា	981	h a w . th aa
និយម	978	n i ʔ . j u m
ប្រតិបត្តិ	975	p r ɑ . t e ʔ . ɓ a t
បន្តទៀត	972	ɓ ɑ n . t ɑɑ . t iə t
ទទួលទាន	971	t ɔ . t uə l . t ie n
ទាហាន	970	t ie . h ie n
ទៅទៀត	970	t ɨ w . t iə t
ខិត	967	kh ə t
ដាំ	967	ɗ a m
នីតិវិធី	966	n ii . t e ʔ . w i ʔ . th ii
កាសែត	963	k aa . s ae t
ឆ្នោត	963	c n ao t
សន្លឹក	958	s ɑ n . l ə k
កត់សម្គាល់	955	k ɑ t . s ɑ m . k oa l
គោលការណ៍	954	k oo l . k aa
ខ្នង	953	k n ɑɑ ŋ
ស្ពាន	952	s p ie n
ជាន់ខ្ពស់	951	c oa n . k p uə h
រកស៊ី	951	r ɔɔ k . s ii
ខ្លាច	950	k l aa c
គេង	948	k ee ŋ
បន្ទាយមានជ័យ	948	ɓ ɑ n . t ie j . m ie n . c e j
ទុកចិត្ត	947	t u k . c ə t
ខុសគ្នា	945	kh o h . k n ie
ខ្លាំងណាស់	945	k l a ŋ . n a h
នៅឯ	944	n ɨ w . ʔ ae
លើកកម្ពស់	944	l əə k . k ɑ m . p uə h
ហេតុ	944	h ae t
សិន	941	s ə n
អភិបាលខេត្ត	941	ʔ a ʔ . ph i ʔ . ɓ aa l . kh ae t
អ្នកនាង	941	n ea k . n ie ŋ
វិធីសាស្ត្រ	937	w i ʔ . th ii . s a h
អំណោយ	937	ʔ ɑ m . n ao j
ទោស	934	t oo h
ចាត់	933	c a t
កម្ម	931	k a m
ហិង្សា	931	h ə ŋ . s aa
អាជីព	931	ʔ aa . c ii p
តម្រូវ	930	ɗ ɑ m . r ə w
ព្រៃឈើ	930	p r e j . ch əə
រួចហើយ	930	r uə c . h aə j
បដិសេធ	929	p a ʔ . ɗ e ʔ . s ae t
លក្ខខណ្ឌ	928	l ea k . kh a n
វិទ្យុ	928	w i ʔ . t j u ʔ
អេ	928	ʔ ee
ចំណេញ	926	c ɑ m . n ə ɲ
ទស្សនកិច្ច	924	t uə h . s a ʔ . n a ʔ . k ə c
ជឿជាក់	922	c ɨə . c ea k
ព្រម	922	p r ɔɔ m
អគ្គ	922	ʔ a ʔ . k ea ʔ
ភាពយន្ត	921	ph ie p . j u n
មិនដែល	920	m ɨ n . ɗ ae l
គ្រោង	919	k r oo ŋ
ប្រជាធិបតេយ្យ	919	p r ɑ . c ie . th ɨ p . p a ʔ . t a j
ផ្ញើ	919	p ɲ aə
ពេញចិត្ត	919	p ɨ ɲ . c ə t
ជម្លោះ	918	c u m . l uə h
សង្ឃ	917	s ɑ ŋ
ទិសដៅ	916	t ɨ h . ɗ a w
ចូរ	915	c oo
មធ្យម	915	m ea ʔ . t j u m
និស្សិត	914	n i ʔ . s ə t
ខូចខាត	913	kh oo c . kh aa t
ជំហាន	912	c u m . h ie n
រីឯ	912	r ii . ʔ ae
ហានិភ័យ	911	h aa . n i ʔ . ph e j
ចេញផ្សាយ	909	c ə ɲ . p s aa j
វិជ្ជាជីវៈ	909	w ɨ c . c ie . c ii . w ea ʔ
វិល	907	w ɨ l
រំលោភ	905	r u m . l oo p
ឥណទាន	905	ʔ ə n . n a ʔ . t ie n
តវ៉ា	903	t ɑɑ . w aa
កែវ	902	k ae w
ចំណេះដឹង	901	c ɑ m . n e h . ɗ ə ŋ
សភា	901	s a ʔ . ph ie
កំណើន	899	k ɑ m . n aə n
សំរាប់	899	s ɑ m . r a p
មហារីក	898	m ɔ . h aa . r ii k
សរសៃ	898	s ɑ . s a j
សាខា	898	s aa . kh aa
ទ្វារ	893	t w ie
ពេទ្យ	893	p ɛɛ t
ទោះ	892	t uə h
ផ្ទេរ	890	p t ee
សេរី	886	s ee . r ə j
សព	885	s ɑ p
តា	884	t aa
ឈឺចាប់	882	ch ɨɨ . c a p
ខ	881	kh ɑɑ
រស់	881	r uə h
ឧកញ៉ា	881	ʔ o k . ɲ aa
រយ	880	r ɔɔ j
នាំចេញ	878	n oa m . c ə ɲ
សល់	876	s ɑ l
សំណួរ	875	s ɑ m . n uə
ពន្លឺ	874	p u n . l ɨɨ
ធាតុ	873	th ie t
សាសនា	873	s aa h . s n aa
លេច	872	l ɨ c
វេជ្ជបណ្ឌិត	869	w ɨ c . c ea ʔ . ɓ ɑ n . ɗ ɨ t
រូបថត	868	r uu p . th ɑɑ t
ដូចនេះ	867	ɗ oo c . n e h
វិទ្យាសាស្ត្រ	867	w i ʔ . t j ie . s a h
ខ្វះ	866	k w a h
ទ	866	t ɔɔ
ផ្អែក	866	p ʔ ae k
កុំព្យូទ័រ	865	k o m . p j uu . t əə
ប្រដាល់	865	p r ɑ . ɗ a l
សហភាព	865	s a ʔ . h a ʔ . ph ie p
ពាក់កណ្តាល	863	p ea k . k ɑ n . ɗ aa l
ស្រា	862	s r aa
ខំប្រឹងប្រែង	861	kh ɑ m . p r ə ŋ . p r ae ŋ
គ្រប់យ៉ាង	861	k r u p . j aa ŋ
មហាផ្ទៃ	861	m ɔ . h aa . p t e j
ឯករាជ្យ	861	ʔ ae k . k a ʔ . r ie c
ទឹកប្រាក់	860	t ɨ k . p r a k
នេសាទ	855	n ee . s aa t
ចុះផ្សាយ	853	c o h . p s aa j
វែង	853	w ɛɛ ŋ
យល់ដឹង	852	j u l . ɗ ə ŋ
មិនគួរ	850	m ɨ n . k uə
ពន្ធនាគារ	849	p u n . th ea ʔ . n ie . k ie
រៀបរាប់	849	r iə p . r oa p
អគ្គិសនី	849	ʔ a ʔ . k i ʔ . s a ʔ . n ii
ថែទាំ	847	th ae . t oa m
បំពាក់	847	ɓ ɑ m . p ea k
សហប្រជាជាតិ	847	s a ʔ . h a ʔ . p r ɑ . c ie . c ie t
មតិ	845	m ea ʔ . t e ʔ
ជាក់លាក់	844	c ea k . l ea k
ផុត	843	ph o t
លម្អិត	842	l u m . ʔ ə t
អាកាស	842	ʔ aa . k aa h
កូនស្រី	841	k oo n . s r ə j
ពិចារណា	840	p i ʔ . c aa . r a ʔ . n aa
ខៀវ	839	kh iə w
ទីភ្នាក់ងារ	839	t ii . p n ea k . ŋ ie
ស៊ើបអង្កេត	839	s əə p . ʔ ɑ ŋ . k ee t
ជួសជុល	836	c uə h . c u l
ទន្ទឹម	836	t u n . t ɨ m
អាស្រ័យ	836	ʔ aa . s r a j
សុក្រ	835	s o k
ស្តីពីការ	835	s ɗ ə j . p ii . k aa
ស្វែងយល់	835	s w ae ŋ . j u l
គំរូ	834	k u m . r uu
ត្រាំ	834	t r a m
តាំង	833	t a ŋ
សម្ពាធ	833	s ɑ m . p ie t
ចំណូល	832	c ɑ m . n oo l
បើសិន	832	ɓ aə . s ə n
ប្រុងប្រយ័ត្ន	831	p r o ŋ . p r ɑ . j a t
ទ្រព្យសម្បត្តិ	830	t r oa p . s ɑ m . ɓ a t
ជូនដំណឹង	827	c uu n . ɗ ɑ m . n ə ŋ
ឪពុកម្តាយ	827	ʔ ə w . p u k . m ɗ aa j
បន្ទាន់	825	ɓ ɑ n . t oa n
ប្រកប	824	p r ɑ . k ɑɑ p
អង្គុយ	824	ʔ ɑ ŋ . k u j
ឧបត្ថម្ភ	824	ʔ u p . p a t . th ɑ m
រៀបការ	823	r iə p . k aa
ទុក្ខ	822	t u k
វិបត្តិ	822	w i ʔ . ɓ a t
ចម្រុះ	821	c ɑ m . r o h
កញ្ចប់	820	k a ɲ . c ɑ p
គីឡូម៉ែត្រ	820	k ii . l oo . m ae t
ដែក	820	ɗ ae k
នាំយក	820	n oa m . j ɔɔ k
ឆ្ពោះទៅ	819	c p uə h . t ɨ w
ពន្ធ	818	p u n
ព្រះវិហារ	816	p r ea h . w i ʔ . h ie
សណ្ឋាគារ	816	s ɑ n . th aa . k ie
អាស៊ីអាគ្នេយ៍	815	ʔ aa . s ii . ʔ aa . k n ee
ចាត់ទុកថា	812	c a t . t u k . th aa
ដំឡើង	812	ɗ ɑ m . l aə ŋ
ព្រួយបារម្ភ	812	p r uə j . ɓ aa . r ɑ m
អនុប្រធាន	812	ʔ a ʔ . n u ʔ . p r ɑ . th ie n
ក្រ	809	k r ɑɑ
គន្លឹះ	809	k u n . l ɨ h
គុណ	808	k u n
ចរចា	808	c ɑɑ . c aa
សារៈសំខាន់	808	s aa . r a ʔ . s ɑ m . kh a n
មិត្តភក្តិ	807	m ɨ t . ph ea k
សាមញ្ញ	807	s aa . m a ɲ
អេក្រង់	805	ʔ ee . k r ɑ ŋ
ជានិច្ច	804	c ie . n ɨ c
បួន	803	ɓ uə n
ជាន់	802	c oa n
វិជ្ជមាន	802	w ɨ c . c ea ʔ . m ie n
ផ្ទុយ	800	p t u j
ប្រែប្រួល	798	p r ae . p r uə l
រឹង	798	r ɨ ŋ
លុះ	798	l u h
អូ	798	ʔ oo
សំណុំរឿង	797	s ɑ m . n o m . r ɨə ŋ
ស្តេច	797	s ɗ a c
មណ្ឌល	795	m u n . ɗ u l
ហេតុអ្វី	795	h ae t . ʔ w ə j
ទើបតែ	794	t əə p . t ae
ខួប	793	kh uə p
ជំនួប	793	c u m . n uə p
តុ	793	t o k
ពុធ	793	p u t
ប្រហារ	792	p r ɑ . h aa
ឧទាហរណ៍	790	ʔ u ʔ . t ie . h ɑɑ
សម្រាក	789	s ɑ m . r aa k
ស្នាម	786	s n aa m
បញ្ឈប់	784	ɓ a ɲ . ch u p
រដ្ឋសភា	783	r oa t . s a ʔ . ph ie
ក្រីក្រ	782	k r ə j . k r ɑɑ
ណ	782	n ɑɑ
អង្គារ	782	ʔ ɑ ŋ . k ie
កំហុស	781	k ɑ m . h o h
ចែកចាយ	778	c ae k . c aa j
កាយ	777	k aa j
ចាត់ការ	777	c a t . k aa
ចោទ	777	c ao t
បន្ទុក	777	ɓ ɑ n . t u k
សាកលវិទ្យាល័យ	776	s aa . k ɑ l . w i ʔ . t j ie . l a j
ច្រក	774	c r ɑɑ k
មិនចង់	773	m ɨ n . c ɑ ŋ
បោះ	772	ɓ ɑ h
មធ្យោបាយ	772	m a ʔ . t j oo . ɓ aa j
រក្សាទុក	772	r ea k . s aa . t u k
អញ្ចឹង	772	ʔ ɑ ɲ . c ə ŋ
ជជែក	771	c ɔ . c ɛɛ k
បន្លែ	770	ɓ ɑ n . l ae
ស្រូវ	770	s r ə w
កំពង់ចាម	769	k ɑ m . p u ŋ . c aa m
កក់	768	k ɑ k
ជាទី	768	c ie . t ii
បកស្រាយ	766	ɓ ɑɑ k . s r aa j
សាលាដំបូង	765	s aa . l aa . ɗ ɑ m . ɓ oo ŋ
វ័យក្មេង	764	w e j . k m ee ŋ
នាវា	763	n ie . w ie
ប្លែក	762	p l ae k
ឌីជីថល	760	ɗ ii . c ii . th ɑɑ l
ឧ	759	ʔ ao
អង្គរ	757	ʔ ɑ ŋ . k ɔɔ
ហូរ	756	h oo
ជំនន់	755	c u m . n u n
ជំនួញ	755	c u m . n uə ɲ
រាង	755	r ie ŋ
សម្របសម្រួល	755	s ɑ m . r ɑɑ p . s ɑ m . r uə l
អត្រា	755	ʔ a t . t r aa
ប្រដាប់	754	p r ɑ . ɗ a p
ដោត	753	ɗ ao t
នាយកដ្ឋាន	752	n ie . j uə k . k a ʔ . th aa n
ផលប្រយោជន៍	752	ph ɑ l . p r ɑ . j ao c
អូស្ត្រាលី	752	ʔ oo . s t r aa . l ii|ʔ oo h . s t r aa . l ii
រំលឹក	751	r u m . l ɨ k
កាប់	749	k a p
ចប់	749	c ɑ p
សំដៅ	749	s ɑ m . ɗ a w
ហត្ថលេខា	749	h a t . th a ʔ . l ee . kh aa
អាកាសធាតុ	749	ʔ aa . k aa h . s a ʔ . th ie t
កាំភ្លើង	748	k a m . p l əə ŋ
ញឹកញាប់	748	ɲ ɨ k . ɲ oa p
រលាក	748	r ɔ . l ie k
ចាត់ទុក	745	c a t . t u k
មាន់	743	m oa n
មេបញ្ជាការ	743	m ee . ɓ ɑ ɲ . c ie . k aa
រង្ស៊ី	743	r ea ŋ . s ii
រួចមក	743	r uə c . m ɔɔ k
ជាទូទៅ	742	c ie . t uu . t ɨ w
ម៉ាឡេស៊ី	742	m aa . l ee . s ii
ស្តារ	742	s ɗ aa
ទៅរក	741	t ɨ w . r ɔɔ k
ឯក	741	ʔ ae k
ធ្មេញ	740	t m ɨ ɲ
បែក	740	ɓ ae k
ព្រមាន	740	p r ɔ . m ie n
តន្ត្រី	739	ɗ ɑ n . t r ə j
សន្យា	739	s ɑ n . j aa
ចន្ទ	737	c a n
ម្ចាស់ផ្ទះ	737	m c a h . p t ea h
ភ្លៀង	736	p l iə ŋ
ម៉ា	735	m aa
ទម្លាប់	733	t u m . l oa p
ប្រធានបទ	733	p r ɑ . th ie n . ɓ ɑ t
យ៉ាងណាមិញ	733	j aa ŋ . n aa . m ɨ ɲ
គ្រូបង្វឹក	732	k r uu . ɓ ɑ ŋ . w ɨ k
ឆ្នេរ	731	c n ee
ពីមុន	731	p ii . m u n
ស្វាគមន៍	731	s w aa . k u m
ទីកន្លែង	729	t ii . k o n . l ae ŋ
បង្ការ	729	ɓ ɑ ŋ . k aa
វ៉ា	729	w aa
សម្រស់	729	s ɑ m . r ɑ h
អូន	729	ʔ oo n
បារម្ភ	728	ɓ aa . r ɑ m
ជួរ	725	c uə
ប្តឹង	725	p ɗ ə ŋ
មូលនិធិ	725	m uu l . n i ʔ . th i ʔ
ស្ថានការណ៍	723	s th aa n . k aa
គង់	719	k u ŋ
ដីធ្លី	719	ɗ ə j . t l ii
តិចតួច	719	t ə c . t uə c
ស្វាយរៀង	719	s w aa j . r iə ŋ
ទីបំផុត	718	t ii . ɓ ɑ m . ph o t
ភរិយា	718	ph ea ʔ . r i ʔ . j ie
កំពត	717	k ɑ m . p ɔɔ t
ចម្ងាយ	717	c ɑ m . ŋ aa j
កាបូប	715	k aa . ɓ oo p
ច័ន្ទ	715	c a n
ជាធម្មតា	715	c ie . th oa m . m ea ʔ . ɗ aa
ស្លាកលេខ	715	s l aa k . l ee k
ត្រជាក់	714	t r ɑ . c ea k
ផែនដី	714	ph ae n . ɗ ə j
ហាត់ប្រាណ	714	h a t . p r aa n
សាក	712	s aa k
ស្មាតហ្វូន	712	s m aa t . f oo n
ស្នងការ	710	s n ɑɑ ŋ . k aa
ច្រៀង	709	c r iə ŋ
អនាម័យ	708	ʔ a ʔ . n aa . m a j
ទីមួយ	707	t ii . m uə j
អង្ករ	706	ʔ ɑ ŋ . k ɑɑ
ចងចាំ	705	c ɑɑ ŋ . c a m
ឌី	705	ɗ ii
ទំនង	705	t u m . n ɔɔ ŋ
ធ	705	th ɔɔ
បន្តផ្ទាល់	701	ɓ ɑ n . t ɑɑ . p t oa l
បាយ	700	ɓ aa j
ប្រវត្តិ	700	p r ɑ . w oa t
ក្បែរ	698	k ɓ ae
ព្រហស្បតិ៍	698	p r ɔ . h oa h
ពន្យល់	697	p u n . j u l
ស្បែកជើង	697	s ɓ ae k . c əə ŋ
ហាក់ដូចជា	697	h a k . ɗ oo c . c ie
សកល	696	s a ʔ . k ɑ l
ប្រឡង	695	p r ɑ . l ɑɑ ŋ
សាធារណរដ្ឋ	695	s aa . th ie . r ea ʔ . n a ʔ . r oa t
មិនល្អ	694	m ɨ n . l ʔ ɑɑ
បាក់	693	ɓ a k
ផឹក	693	ph ə k
អាល្លឺម៉ង់	693	ʔ aa l . l əə . m ɑ ŋ
រាជ	692	r ie c
សរសើរ	692	s ɑ . s aə
បន្ទូល	691	ɓ ɑ n . t uu l
រៀង	690	r iə ŋ
ជុំ	689	c u m
ជម្ងឺ	688	c u m . ŋ ɨɨ
អម	688	ʔ ɑɑ m
ស្មារតី	686	s m aa . r ɗ ə j
ប៉ះ	682	p a h
ស្រាល	682	s r aa l
ទម្លាក់	681	t u m . l ea k
អត្តសញ្ញាណ	681	ʔ a t . t a ʔ . s a ɲ . ɲ aa n
រូបរាង	680	r uu p . r ie ŋ
ប្រារព្ធ	679	p r aa . r u p
អន្តរាគមន៍	679	ʔ ɑ n . t a ʔ . r aa . k u m
កាហ្វេ	678	k aa . f ee
ជម្រាប	677	c u m . r ie p
សមរម្យ	677	s ɑ m . r u m
កិច្ចសន្យា	675	k ə c . s ɑ n . n j aa
ថ្លែងការណ៍	675	t l ae ŋ . k aa
កិត្តិយស	674	k ə t . t e ʔ . j uə h
កំពង់ធំ	673	k ɑ m . p u ŋ . th u m
កឹម	672	k ə m
កែ	671	k ae
អ៊ីចឹង	671	ʔ ii . c ə ŋ
ដេក	670	ɗ ee k
ចេញទៅ	669	c ə ɲ . t ɨ w
សង្កេត	669	s ɑ ŋ . k ee t
ទទួលការ	668	t ɔ . t uə l . k aa
ភ្លេច	667	p l ɨ c
ហាក់	666	h a k
តស៊ូ	665	t ɑɑ . s uu
កំពង់ឆ្នាំង	663	k ɑ m . p u ŋ . c n a ŋ
ចូលឆ្នាំ	662	c oo l . c n a m
កែប្រែ	661	k ae . p r ae
ខួរក្បាល	661	kh uə . k ɓ aa l
ទូរសព្ទ	661	t uu . r ea ʔ . s a p
ទស្សនៈ	660	t uə h . s a ʔ . n a ʔ
បណ្តោះអាសន្ន	660	ɓ ɑ n . ɗ ɑ h . ʔ aa . s ɑ n
មិត្តភាព	658	m ɨ t . t a ʔ . ph ie p
គោក	657	k oo k
ប្រាក់ចំណូល	657	p r a k . c ɑ m . n oo l
ផ្អាក	657	p ʔ aa k
ពេជ្រ	655	p ɨ c
ស៊េរី	655	s ee . r ii
ទល់	654	t u l
ព្រោះតែ	654	p r uə h . t ae
រួចរាល់	654	r uə c . r oa l
ស្នាដៃ	654	s n aa . ɗ a j
អំឡុង	653	ʔ ɑ m . l o ŋ
ដុត	652	ɗ o t
សាលារៀន	652	s aa . l aa . r iə n
គ្រោះ	651	k r uə h
ចល័ត	651	c a ʔ . l a t
ឆ្អឹង	651	c ʔ ə ŋ
ផ្កា	651	p k aa
ភ្នាក់ងារ	651	p n ea k . ŋ ie
ឆ្លើយ	649	c l aə j
តោន	649	t ao n
បន្ទះ	649	ɓ ɑ n . t ea h
រំលង	649	r u m . l ɔɔ ŋ
ទិស	648	t ɨ h
សំណើ	648	s ɑ m . n aə
ជើងឯក	647	c əə ŋ . ʔ ae k
ញ	647	ɲ ɔɔ
សំរាម	647	s ɑ m . r aa m
ចំណាត់ថ្នាក់	646	c ɑ m . n a t . t n a k
ទូលំទូលាយ	646	t uu . l u m . t uu . l ie j
លាប	646	l ie p
ហេង	646	h ee ŋ
សន្និសីទ	645	s ɑ n . n i ʔ . s ə t
បំបែក	644	ɓ ɑ m . ɓ ae k
រាជធានី	644	r ie c . th ie . n ii
ជី	643	c ii
បោះពុម្ព	640	ɓ ɑ h . p u m
ប្រអប់	640	p r ɑ . ʔ ɑ p
ប្រៀបធៀប	640	p r iə p . th iə p
រួមចំណែក	640	r uə m . c ɑ m . n ae k
សហគ្រាស	639	s a ʔ . h a ʔ . k r ie h
ឆាប់រហ័ស	638	ch a p . r ɔ . h a h
កង	637	k ɑɑ ŋ
សាកសួរ	637	s aa k . s uə
កំពង់ស្ពឺ	636	k ɑ m . p u ŋ . s p ɨɨ
រឿងរ៉ាវ	636	r ɨə ŋ . r aa w
រំខាន	636	r u m . kh aa n
អភិរក្ស	636	ʔ a ʔ . ph i ʔ . r ea k
រ៉ែ	634	r ae
ឈ្មួញ	633	c m uə ɲ
ម៉ាក់	632	m a k
តានតឹង	631	t aa n . t ə ŋ
សក្តានុពល	631	s a k . k ɗ aa . n u ʔ . p u l
ទារក	630	t ie . r uə k
ពលករ	630	p u l . l ea ʔ . k ɑɑ
ដូចដែល	629	ɗ oo c . ɗ ae l
ព្រឹទ្ធសភា	628	p r ɨ t . s a ʔ . ph ie
ហោច	628	h ao c
ច្នៃប្រឌិត	626	c n a j . p r ɑ . ɗ ɨ t
ជាមុន	626	c ie . m u n
ពាន	626	p ie n
ស្ទើរតែ	626	s t əə . t ae
បែរជា	625	ɓ ae . c ie
ទោះបី	624	t uə h . ɓ ə j
បរាជ័យ	624	p a ʔ . r aa . c e j
ប្រវែង	622	p r ɑ . w ae ŋ
កាមេរ៉ា	621	k aa . m ee . r aa
ស្តង់ដារ	621	s t ɑ ŋ . ɗ aa
ឮ	621	l ɨɨ
ប្រមូលផ្តុំ	620	p r ɑ . m oo l . p ɗ o m
កាន់កាប់	619	k a n . k a p
ខូច	619	kh oo c
ត្រលប់	618	t r ɑɑ . l ɑ p
មាតិកា	617	m ie . t e ʔ . k aa
រី	617	r ii
ឯកភាព	617	ʔ ae . k a ʔ . ph ie p
ក្លាយ	616	k l aa j
ខាន	616	kh aa n
ដណ្តើម	616	ɗ ɑ n . ɗ aə m
ទីលំនៅ	616	t ii . l u m . n ɨ w
ទូក	616	t uu k
ពុករលួយ	616	p u k . r ɔ . l uə j
អ្វីខ្លះ	614	ʔ w ə j . k l a h
អនុ	613	ʔ a ʔ . n u ʔ
ដៃដល់	612	ɗ a j . ɗ ɑ l
ត្រៀមខ្លួន	612	t r iə m . k l uə n
ស្វាមី	612	s w aa . m ə j
អ៊ីរ៉ង់	611	ʔ ii . r ɑ ŋ
សម្លៀកបំពាក់	610	s ɑ m . l iə k . ɓ ɑ m . p ea k
លាយ	609	l ie j
ល្បីល្បាញ	609	l ɓ ə j . l ɓ aa ɲ
ពូជ	608	p uu c
ហ្វីលីពីន	608	f ii . l ii . p ii n
រហ័ស	607	r ɔ . h a h
បំភ្លឺ	606	ɓ ɑ m . p l ɨɨ
សម្អាត	605	s ɑ m . ʔ aa t
លូតលាស់	604	l uu t . l oa h
ការណ៍	603	k aa
បរិយាកាស	603	p a ʔ . r e ʔ . j aa . k aa h
លាង	601	l ie ŋ
បរិមាណ	599	p a ʔ . r ə ʔ . m aa n
រោគសញ្ញា	598	r oo k . s a ɲ . ɲ aa
សៅរ៍	598	s a w
តារាង	597	t aa . r aa ŋ
ឱសថ	597	ʔ ao . s o t
គេច	596	k ɨ c
យោបល់	595	j oo . ɓ ɑ l
គ្រា	594	k r ie
ទិដ្ឋភាព	594	t ɨ t . th a ʔ . ph ie p
ស៊ុត	594	s u t
បឹង	593	ɓ ə ŋ
ទូទាត់	592	t uu . t oa t
បំពង់	592	ɓ ɑ m . p u ŋ
ជ្រាប	591	c r ie p
សេរីភាព	591	s ee . r ə j . ph ie p
អ៊ីស្រាអែល	591	ʔ ii . s r aa . ʔ ae l
សម្តី	590	s ɑ m . ɗ ə j
ស្នងការដ្ឋាន	590	s n ɑɑ ŋ . k aa . r a t . th aa n
បៃតង	589	ɓ a j . t ɑɑ ŋ
សម្ងាត់	589	s ɑ m . ŋ a t
ទណ្ឌកម្ម	588	t oa n . ɗ ea ʔ . k a m
ក្សត្រ	586	k s a t
ខ្មែរក្រហម	586	k m ae . k r ɑ . h ɑɑ m
គីមី	586	k ii . m ii
សំបុត្រ	586	s ɑ m . ɓ o t
កញ្ចក់	585	k a ɲ . c ɑ k
ផ្ទៃពោះ	584	p t e j . p uə h
ភារកិច្ច	584	ph ie . r ea ʔ . k ə c
ឡាវ	584	l aa w
បែងចែក	583	ɓ ae ŋ . c ae k
ពុល	583	p u l
អបអរសាទរ	583	ʔ ɑɑ p . ʔ ɑɑ . s aa . t ɔɔ
ឆាក	580	ch aa k
អចលនទ្រព្យ	579	ʔ a ʔ . c ɑ l . l a ʔ . n a ʔ . t r oa p
កែលម្អ	578	k ae . l u m . ʔ ɑɑ
តៃវ៉ាន់	578	t a j . w a n
ស្រែ	578	s r ae
កោះកុង	577	k ɑ h . k o ŋ
ជ្រុល	577	c r u l
ទំនុកចិត្ត	577	t u m . n u k . c ə t
ខ្ទង់	575	k t u ŋ
ទៅវិញទៅមក	575	t ɨ w . w ɨ ɲ . t ɨ w . m ɔɔ k
បង្ខំ	573	ɓ ɑ ŋ . kh ɑ m
រសជាតិ	573	r uə h . c ie t
កម្ពស់	572	k ɑ m . p uə h
អត្ថន័យ	572	ʔ a t . th a ʔ . n e j
ជួបជុំ	571	c uə p . c u m
សម្លេង	571	s ɑ m . l ee ŋ
ជ្រូក	569	c r uu k
តទៅ	568	t ɑɑ . t ɨ w
បេក្ខជន	568	p ee k . kh a ʔ . c u n
កែច្នៃ	567	k ae . c n a j
កោតសរសើរ	567	k ao t . s ɑ . s aə
មីយ៉ាន់ម៉ា	567	m ii . j a n . m aa
វិទ្យាល័យ	567	w i ʔ . t j ie . l a j
អ៊ិន	567	ʔ ɨ n
កាកបាទក្រហម	566	k aa . k a ʔ . ɓ aa t . k r ɑ . h ɑɑ m
ដោះ	565	ɗ ɑ h
ស្រស់	565	s r ɑ h
កងរាជអាវុធហត្ថ	564	k ɑɑ ŋ . r ie c . ʔ aa . w u t . h a t
ប្រឈមមុខ	564	p r ɑ . ch ɔɔ m . m u k
ស្រវឹង	564	s r ɑ . w ə ŋ
ស្រេច	564	s r a c
ចម្បង	563	c ɑ m . ɓ ɑɑ ŋ
ធី	561	th ii
ស្តាំ	561	s ɗ a m
សហ	560	s a ʔ . h a ʔ
ដូចម្តេច	556	ɗ oo c . m ɗ ə c
កាត	554	k aa t
ប្រិយមិត្ត	554	p r e j . j a ʔ . m ɨ t
អ៊ីមែល	554	ʔ ii . m ɛɛ l
បទចម្រៀង	553	ɓ ɑ t . c ɑ m . r iə ŋ
ទង្វើ	551	t u ŋ . w əə
អនុម័ត	551	ʔ a ʔ . n u ʔ . m a t
យូ	548	j uu
លើកលែង	548	l əə k . l ɛɛ ŋ
ស្រដៀង	548	s r ɑ . ɗ iə ŋ
ហ	548	h ɑɑ
អំណរគុណ	548	ʔ ɑ m . n ɑɑ . k u n
ផ្លូវចិត្ត	547	p l ə w . c ə t
ចាន់	545	c a n
ឧបនាយក	545	ʔ u ʔ . p a ʔ . n ie . j uə k
ឆ្វេង	544	c w ee ŋ
វីតាមីន	544	w ii t . t aa . m ii n
ហេដ្ឋារចនាសម្ព័ន្ធ	543	h ee t . th aa . r a c . c a ʔ . n aa . s ɑ m . p oa n
ញាតិ	542	ɲ ie t
ឧត្តម	542	ʔ u t . ɗ ɑ m
គំរាមកំហែង	540	k u m . r ie m . k ɑ m . h ae ŋ
ផ្លែឈើ	540	p l ae . ch əə
ខ្ចី	539	k c ə j
ទិវា	539	t i ʔ . w ie
បេសកកម្ម	539	p ee . s a ʔ . k a ʔ . k a m
គី	538	k ii
គីឡូក្រាម	538	k ii . l oo . k r aa m
មេគង្គ	538	m ee . k u ŋ
អាហ្វ្រិក	538	ʔ aa . f r i k
ដង្ហើម	537	ɗ ɑ ŋ . h aə m
សង	537	s ɑɑ ŋ
ចង	536	c ɑɑ ŋ
ដែនដី	536	ɗ ae n . ɗ ə j
តាកែវ	536	t aa . k ae w
ភូមិសាស្ត្រ	536	ph uu . m i ʔ . s aa h
ប្រជែង	535	p r ɑ . c ɛɛ ŋ
ពួកវា	535	p uə k . w ie
ខ្លាញ់	534	k l a ɲ
ដំណាំ	534	ɗ ɑ m . n a m
ភ័យខ្លាច	534	ph e j . k l aa c
វិញ្ញាណ	534	w i ʔ . ɲ ie n
ប័ណ្ណ	533	ɓ a n
ប្រតិកម្ម	533	p r ɑ . t e ʔ . k a m
ហាមឃាត់	533	h aa m . kh oa t
គោ	532	k oo
ភព	532	ph u p
សុខទុក្ខ	532	s o k . t u k
បរិភោគ	531	ɓ ɑɑ . r i ʔ . ph oo k
រចនាសម្ព័ន្ធ	531	r a c . c a ʔ . n aa . s a m . p oa n|r a c . c a ʔ . n aa . s ɑ m . p oa n
ស៊ីសង	531	s ii . s ɑɑ ŋ
នៅស្រុក	530	n ɨ w . s r o k
នាំចូល	529	n oa m . c oo l
យល់ព្រម	529	j u l . p r ɔɔ m
ជៀសវាង	528	c iə h . w ie ŋ
ផ្តាច់	528	p ɗ a c
ស្រួល	528	s r uə l
អភិបាលរង	528	ʔ a ʔ . ph i ʔ . ɓ aa l . r ɔɔ ŋ
បោះបង់	527	ɓ ɑ h . ɓ ɑ ŋ
សកម្មជន	527	s a ʔ . k a m . c u n
សម្បូរ	527	s ɑ m . ɓ oo
ស្ថានទូត	526	s th aa n . t uu t
ស្មោះត្រង់	526	s m ɑ h . t r ɑ ŋ
មេធាវី	525	m ee . th ie . w ii
ខ្លឹមសារ	524	k l ə m . s aa
ឥតខ្ចោះ	524	ʔ ə t . k c ɑ h
ប្រមុខ	522	p r ɑ . m u k
សត្វព្រៃ	521	s a t . p r e j
ណាត់	518	n a t
ទាញ	517	t ie ɲ
មា	517	m ie
រាតត្បាត	517	r ie t . t ɓ aa t
សណ្តាប់ធ្នាប់	517	s ɑ n . ɗ a p . t n oa p
អរគុណ	517	ʔ ɑɑ . k u n
ហោះហើរ	516	h ɑ h . h aə
ខ្នាត	515	k n aa t
ច្របូកច្របល់	515	c r ɑ . ɓ oo k . c r ɑ . ɓ ɑ l
ត្រ	515	t r ɑɑ
គូសបញ្ជាក់	514	k uu h . ɓ a ɲ . c ea k
មី	513	m ii
មីន	513	m ii n
អេស្ប៉ាញ	512	ʔ ee . s p aa ɲ
កៅអី	510	k a w . ʔ ə j
ចម្លង	510	c ɑ m . l ɑɑ ŋ
តេ	510	t ee
ម៉ូដែល	510	m oo . ɗ ae l
ចម្លើយ	508	c ɑ m . l aə j
បាតុកម្ម	508	p aa . t o ʔ . k a m
មន្ត្រីរាជការ	507	m u n . t r ə j . r ie . c ea ʔ . k aa
រដ្ឋលេខាធិការ	507	r oa t . l ee . kh aa . th i ʔ . k aa
ខ្វះខាត	506	k w a h . kh aa t
ចុះបញ្ជី	506	c o h . ɓ a ɲ . c ii
ធន់	506	th u n
ស៊ីវិល	505	s ii . w ɨ l
ស្ករ	505	s k ɑɑ
ខ្សោយ	504	k s ao j
ឆ្កែ	504	c k ae
អាណត្តិ	504	ʔ aa . n a t
ផ្សំ	503	p s ɑ m
សេ	503	s ee
ហេតុនេះ	502	h ae t . n ii h
ស្រាប់	500	s r a p
ដាច់ខាត	499	ɗ a c . kh aa t
រ៉ាត	499	r aa t
កម្រ	498	k ɑ m . r ɑɑ
តែងតាំង	498	t ae ŋ . t a ŋ
រួមភេទ	498	r uə m . ph ee t
សំ	498	s ɑ m
ស្រែក	498	s r ae k
តភ្ជាប់	497	t ɑɑ . p c oa p
តុបតែង	497	t o p . t ae ŋ
ប្រជាប្រិយភាព	497	p r ɑ . c ie . p r e j . j ea ʔ . ph ie p
ពូកែ	497	p uu . k ae
អាង	497	ʔ aa ŋ
មិញ	496	m ɨ ɲ
ហិកតា	496	h ə c . t aa
កម្មសិទ្ធិ	495	k a m . m a ʔ . s ə t
អ៊ី	494	ʔ ii
ជនបទ	492	c u n . n ea ʔ . ɓ ɑ t
កូដ	491	k oo t
វិទ្យាស្ថាន	491	w ɨ t . t j ie . s th aa n
សមិទ្ធផល	491	s a ʔ . m ɨ t . th ea ʔ . ph ɑ l
តំណាងរាស្ត្រ	490	ɗ ɑ m . n aa ŋ . r ie h
ទ្វីប	490	t w ii p
ធម៌	490	th oa
ប្រកាន់	490	p r ɑ . k a n
ជិតខាង	489	c ɨ t . kh aa ŋ
ដោះលែង	488	ɗ ɑ h . l ɛɛ ŋ
ប៉ា	488	p aa
ប៉េកាំង	487	p ee . k a ŋ
ពណ៌ស	487	p oa . s ɑɑ
រំលាយ	487	r u m . l ie j
តារាស្រី	486	ɗ aa . r aa . s r ə j
ប្រទេសជាតិ	484	p r ɑ . t e h . c ie t
សន្ទនា	484	s ɑ n . t ea ʔ . n ie
ដា	482	ɗ aa
សញ្ជាតិ	482	s a ɲ . c ie t
សភាព	482	s a ʔ . ph ie p
បញ្ចុះតម្លៃ	481	ɓ a ɲ . c o h . ɗ ɑ m . l a j
សម្ពោធ	481	s ɑ m . p oo t
សាកសព	481	s aa k . s ɑ p
បាកា	480	ɓ aa . k aa
សម្រាល	480	s ɑ m . r aa l
ស្ងួត	479	s ŋ uə t
ហ្វឹកហាត់	479	w ə k . h a t
កំសាន្ត	478	k ɑ m . s aa n
ទទួលរង	478	t ɔ . t uə l . r ɔɔ ŋ
បុរី	478	ɓ o ʔ . r ə j
បៀ	478	ɓ iə
ប្រាថ្នា	477	p r aa . t n aa
ត្បូងឃ្មុំ	476	t ɓ oo ŋ . k m u m
ទោ	475	t oo
ផ្លូវភេទ	475	p l ə w . ph ee t
សង្គមស៊ីវិល	475	s ɑ ŋ . k u m . s ii . w ɨ l
ស្ម័គ្រចិត្ត	475	s m a k . c ə t
អក្សរ	475	ʔ a ʔ . s ɑɑ
ប៉ៃលិន	474	p a j . l ɨ n
រារាំង	474	r ie . r ea ŋ
វះកាត់	474	w ea h . k a t
ឡុង	474	l o ŋ
ទ័ព	473	t oa p
ម្ខាង	471	m kh aa ŋ
រមណីយដ្ឋាន	471	r u m . m ea ʔ . n ii . j ea ʔ . th aa n
លាក់	471	l ea k
អធិការដ្ឋាន	471	ʔ a ʔ . th i ʔ . k aa . r a ʔ . th a n
តួ	470	t uə
ទស្សន៍ទាយ	470	t uə h . t ie j
នុយក្លេអ៊ែរ	470	n u j . k l ee . ʔ ɛɛ
ប្រាំ	470	p r a m
ក្រដាស	469	k r ɑ . ɗ aa h
គីម	469	k ii m
តែមួយគត់	469	t ae . m uə j . k u t
របរ	469	r ɔ . ɓ ɑɑ
កម្ពុជាថ្មី	468	k a m . p u ʔ . c ie . t m ə j
ចោរ	468	c ao
មេត្តា	468	m ee t . t aa
អាទិភាព	468	ʔ aa . t i ʔ . ph ie p
សម្ព័ន្ធ	467	s ɑ m . p oa n
ថ្វាយ	466	t w aa j
នៅក្បែរ	466	n ɨ w . k ɓ ae
ប៊ុន	466	ɓ u n
រាត្រី	466	r ie . t r ə j
ជួបប្រទះ	465	c uə p . p r ɑ . t ea h
ដុំ	465	ɗ o m
ស៊ីរី	465	s ii . r ii
ក្លិន	464	k l ə n
សួន	464	s uə n
ប្រណាំង	462	p r ɑ . n a ŋ
បំបាត់	461	ɓ ɑ m . ɓ a t
ក្រចេះ	459	k r ɑ . c e h
ឆ្នើម	459	c n aə m
ដួល	459	ɗ uə l
រុក្ខជាតិ	458	r u k . kh a ʔ . c ie t
សន្សំ	457	s ɑ n . s ɑ m
សម្បត្តិ	457	s ɑ m . ɓ a t
គូស្នេហ៍	456	k uu . s n ae
ចៅក្រម	456	c a w . k r ɑ m
ទ្រព្យ	456	t r oa p
រៀនសូត្រ	456	r iə n . s oo t
អគ្គនាយក	455	ʔ a ʔ . k ea ʔ . n ie . j uə k
មីស៊ីល	454	m ii . s ii l
ដើមឈើ	453	ɗ aə m . ch əə
សំណូមពរ	453	s ɑ m . n oo m . p ɔɔ
ចក្រភព	452	c a k . k r ɑɑ . ph u p
ហួស	452	h uə h
បារី	451	ɓ aa . r ə j
រ៉ា	451	r aa
សេដ្ឋី	451	s ee t . th ə j
ខេង	450	kh ee ŋ
រថភ្លើង	450	r u t . p l əə ŋ
អញ	450	ʔ a ɲ
អនុវត្តន៍	449	ʔ a ʔ . n u ʔ . w oa t
កូនចៅ	448	k oo n . c a w
ប្តេជ្ញាចិត្ត	447	p ɗ a c . ɲ aa . c ə t
គណៈ	446	k ea ʔ . n a ʔ
បោក	446	ɓ ao k
យក្ស	446	j ea k
ប្រាកដជា	444	p r aa . k ɑ t . c ie
យន្តការ	444	j u n . t a ʔ . k aa
ងាក	443	ŋ ie k
ព្រះបាទ	443	p r ea h . ɓ aa t
ម៉ាណែត	443	m aa . n ae t
សមស្រប	443	s ɑ m . s r ɑɑ p
ជក់	442	c uə k
ទឹកកក	442	t ɨ k . k ɑɑ k
ស្វ័យប្រវត្តិ	442	s w a j . p r ɑ . w oa t
ពហុ	441	p ea ʔ . h u ʔ
ចេះតែ	440	c e h . t ae
ប្រយ័ត្ន	440	p r ɑ . j a t
ករុណា	438	k a ʔ . r u ʔ . n aa
ទីលាន	438	t ii . l ie n
នំ	438	n u m
ហា	438	h aa
ដកស្រង់	437	ɗ ɑɑ k . s r ɑ ŋ
វរ	437	w ɔɔ
ទ្វេ	436	t w ee
អេស	436	ʔ ee h
ឆន្ទៈ	435	ch a n . t ea ʔ
ដូស	435	ɗ oo h
ព្រៃវែង	435	p r e j . w ɛɛ ŋ
ចំណងជើង	434	c ɑ m . n ɑɑ ŋ . c əə ŋ
សម្គាល់	434	s ɑ m . k oa l
កីឡដ្ឋាន	433	k ə j . l a t . th aa n
ឡូត	433	l oo t
ប្រទះឃើញ	432	p r ɑ . t ea h . kh əə ɲ
ហាម	432	h aa m
ទៀតទេ	431	t iə t . t ee
រាប់ពាន់	431	r oa p . p oa n
ការទូត	430	k aa . t uu t
រុករក	430	r u k . r ɔɔ k
អធិការ	430	ʔ a ʔ . th ɨ ʔ . k aa
ណោះ	429	n ɑ h
យីហោ	428	j ii . h ao
កម្តៅ	427	k ɑ m . ɗ a w
បរិសុទ្ធ	427	ɓ ɑɑ . r e ʔ . s o t
ភស្តុតាង	427	ph oa h . t aa ŋ
វិវាទ	427	w i ʔ . w ie t
ផ្ទាំង	426	p t ea ŋ
ពីរបី	424	p ii . ɓ ə j
ពោះ	424	p uə h
មាត្រា	424	m ie . t r aa
ក្លែងក្លាយ	423	k l ae ŋ . k l aa j
មេដាយ	423	m ee . ɗ aa j
វាល	423	w ie l
សិក្ខាសាលា	423	s e ʔ . kh aa . s aa . l aa
ស្នេហ៍	423	s n ae
អធិបតីភាព	423	ʔ a ʔ . th ɨ p . p a ʔ . ɗ ə j . j ea ʔ . ph ie p
គណៈអភិបាល	422	k ea ʔ . n a ʔ . ʔ a ʔ . ph i ʔ . ɓ aa l
ហុងកុង	422	h o ŋ . k o ŋ
វេបសាយ	421	w ee p . s aa j
ខោ	420	kh ao
ជ័យជម្នះ	420	c e j . c u m . n ea h
លោកយាយ	420	l oo k . j ie j
សហជីព	420	s a ʔ . h a ʔ . c ii p
អ៊ីតាលី	420	ʔ ii . t aa . l ii
បាត	419	ɓ aa t
លុប	419	l u p
សម្ភារ	419	s ɑ m . ph ie
សំណង	419	s ɑ m . n ɑɑ ŋ
ដកហូត	418	ɗ ɑɑ k . h oo t
ប្រសិទ្ធិ	418	p r ɑ . s ɨ t . th i ʔ
ផ្តាច់ព្រ័ត្រ	418	p ɗ a c . p r oa t
សុភមង្គល	418	s o ʔ . ph ea ʔ . m u ŋ . k u l
ថយចុះ	417	th ɑɑ j . c o h
ទន់	417	t u n
បំណុល	417	ɓ ɑ m . n o l
លោកគ្រូ	417	l oo k . k r uu
សិង្ហបុរី	417	s ə ŋ . h a ʔ . ɓ o ʔ . r ə j
រ៉ូ	416	r oo
ស្ទឹងត្រែង	416	s t ɨ ŋ . t r ae ŋ
អគ្គលេខាធិការ	416	ʔ a ʔ . k ea ʔ . l ee . kh aa . th i ʔ . k aa
គ្រាប់បែក	415	k r oa p . ɓ ae k
ធៀប	415	th iə p
ពោធិ៍សាត់	415	p oo . s a t
រដ្ឋធានី	415	r oa t . th ie . n ii
រាំ	415	r oa m
ប្រក្រតី	414	p r ɑ . k r ɑɑ . ɗ ə j
វិមាន	414	w i ʔ . m ie n
ចៀសវាង	413	c iə h . w ie ŋ
ប្រសាច	413	p r ɑ . s aa c
ម្យ៉ាងទៀត	413	m j aa ŋ . t iə t
កក់ក្តៅ	412	k ɑ k . k ɗ a w
កំដៅ	411	k ɑ m . ɗ a w
ទល់នឹង	411	t u l . n ɨ ŋ
នឹក	411	n ɨ k
ព្រហ្មទណ្ឌ	411	p r u m . m ea ʔ . t oa n
ល្មើស	410	l m əə h
បញ្ញា	409	p a ɲ . ɲ aa
សាង	409	s aa ŋ
សំណេះសំណាល	409	s ɑ m . n e h . s ɑ m . n aa l
ខ្សែភាពយន្ត	408	k s ae . ph ie p . j u n
ក្របខ័ណ្ឌ	407	k r ɑɑ p . kh a n
ជញ្ជាំង	407	c u ɲ . c ea ŋ
ភាន់ភាំង	407	ph oa n . ph ea ŋ
ស្ទើរ	407	s t əə
ចេតនា	406	c ee . t a ʔ . n aa
ដេញ	406	ɗ ə ɲ
សោកស្តាយ	406	s ao k . s ɗ aa j
គិតគូរ	405	k ɨ t . k uu
បាទ	405	ɓ aa t
ភេសជ្ជៈ	405	ph ee . s a c . c ea ʔ
អេឡិចត្រូនិច	405	ʔ ee . l ə c . t r oo . n ɨ c
កំប្លែង	404	k ɑ m . p l ae ŋ
កំពង់ផែ	404	k ɑ m . p u ŋ . ph ae
ផ្សិត	404	p s ə t
ម្សៅ	404	m s a w
តួលេខ	402	t uə . l ee k
ទូលាយ	402	t uu . l ie j
សាន	402	s aa n
ការដ្ឋាន	401	k aa . r a t . th aa n
ចៅ	401	c a w
និងកីឡា	401	n ɨ ŋ . k ə j . l aa
សង់	401	s ɑ ŋ
សាច់ដុំ	400	s a c . ɗ o m
មនុស្សធម៌	399	m ɔ . n u h . s a ʔ . th oa
ស្ថាន	399	s th aa n
កន្លះ	398	k ɑ n . l a h
ស្ថានីយ	398	s th aa . n ii
ស្អែក	398	s ʔ ae k
ថ្លើម	397	t l aə m
ប្តេជ្ញា	397	p ɗ a c . ɲ aa
មានច្រើន	397	m ie n . c r aə n
យ៉ា	397	j aa
ស្រោម	397	s r ao m
ហូប	397	h oo p
បឋម	396	p a ʔ . th ɑ m
សង្សារ	396	s ɑ ŋ . s aa
សព្វ	395	s ɑ p
ខ្សាច់	393	k s a c
ចែង	393	c ae ŋ
អាជ្ញាប័ណ្ណ	393	ʔ aa c . ɲ aa . ɓ a n
តង់	392	t ɑ ŋ
បទបញ្ជា	392	ɓ ɑ t . ɓ a ɲ . c ie
ប៉ោយប៉ែត	392	p ao j . p ae t
ប្រាក់ខែ	392	p r a k . kh ae
យឺត	392	j ɨɨ t
អគ្គនាយកដ្ឋាន	392	ʔ a ʔ . k ea ʔ . n ie . j uə k . k a ʔ . th aa n
ទ្រង់ទ្រាយ	391	t r u ŋ . t r ie j
ឥណ្ឌូនេស៊ី	391	ʔ ə n . ɗ uu . n ee . s ii
កៅស៊ូ	390	k a w . s uu
ផ្តួចផ្តើម	390	p ɗ uə c . p ɗ aə m
ភាគហ៊ុន	390	ph ie k . h u n
ភី	390	ph ii
ឧបសគ្គ	390	ʔ u p . p a ʔ . s a k
អ្នកនិពន្ធ	389	n ea k . n i ʔ . p u n
ក្របខណ្ឌ	388	k r ɑɑ p . kh a n
បណ្តេញ	388	ɓ ɑ n . ɗ ə ɲ
ពោរពេញ	388	p oo . p ɨ ɲ
ទំនប់	387	t u m . n u p
ប៉ូលីស	387	p oo . l ii h
អ៊ីម៉ែល	387	ʔ ii . m ae l
ឆក់	386	ch ɑ k
ជម្រក	386	c u m . r ɔɔ k
ចម្លែក	385	c ɑ m . l ae k
ទឹកដោះគោ	385	t ɨ k . ɗ ɑ h . k oo
មនុស្សជាតិ	385	m ea ʔ . n u h . s a ʔ . c ie t
លូ	385	l uu
សុទ្ធ	385	s o t
ឡា	385	l aa
អាការៈ	385	ʔ aa . k aa . r a ʔ
រោម	384	r oo m
សន្និដ្ឋាន	384	s ɑ n . n ɨ t . th aa n
កីឡាការិនី	383	k ə j . l aa . k aa . r e ʔ . n ii
និមិត្ត	383	n i ʔ . m ɨ t
រាល់ថ្ងៃ	383	r oa l . t ŋ a j
ដូណាល់	382	ɗ oo . n a l
នុច	382	n u c
ប្រៀប	382	p r iə p
ភ	381	ph ɔɔ
ជម្រុញ	380	c u m . r u ɲ
ណេត	380	n ee t
ពិការ	380	p i ʔ . k aa
ស្រុកកំណើត	380	s r o k . k ɑ m . n aə t
អវិជ្ជមាន	380	ʔ a ʔ . w ɨ c . c ea ʔ . m ie n
គណៈប្រតិភូ	379	k ea ʔ . n a ʔ . p r ɑ . t e ʔ . ph uu
គំរាម	379	k u m . r ie m
ញៀន	379	ɲ iə n
ទុន	379	t u n
មានជ័យ	379	m ie n . c e j
ស៊ីហ្គេម	379	s ii . g ee m
សះស្បើយ	378	s a h . s ɓ aə j
ប្រឹងប្រែង	377	p r ə ŋ . p r ae ŋ
ផ្ទៃក្នុង	377	p t e j . k n o ŋ
រត់គេច	377	r u t . k ɨ c
សេនាបតី	377	s ee . n aa . p a ʔ . ɗ ə j
ក្មួយ	376	k m uə j
ឆ្លុះបញ្ចាំង	376	c l o h . ɓ a ɲ . c a ŋ
ពុទ្ធសាសនា	376	p u t . th ea ʔ . s aa . s n aa
សម្លឹង	376	s ɑ m . l ə ŋ
ខឹង	375	kh ə ŋ
ជិតស្និទ្ធ	375	c ɨ t . s n ə t
ពិតមែន	375	p ɨ t . m ɛɛ n
ព្រាង	375	p r ie ŋ
យំ	375	j u m
ស្មុគស្មាញ	375	s m o k . s m aa ɲ
អាពាហ៍ពិពាហ៍	375	ʔ aa . p ie . p i ʔ . p ie
ជំហរ	373	c u m . h ɔɔ
ប៊ូតុង	373	ɓ uu . t o ŋ
រាសី	373	r ie . s ə j
គ្រឹះស្ថាន	372	k r ɨ h . s th aa n
បន្ទាត់	372	ɓ ɑ n . t oa t
លេចធ្លោ	372	l ɨ c . t l oo
កាតា	371	k aa . t aa
តំណ	371	ɗ ɑ m . n ɑɑ
បក	371	ɓ ɑɑ k
ងើប	370	ŋ əə p
ភ័យ	370	ph e j
រោង	370	r oo ŋ
ស៊ូ	370	s uu
ស្វាយ	370	s w aa j
អន្តោប្រវេសន៍	370	ʔ ɑ n . t ao . p r ɑ . w e h
ឈានមុខ	369	ch ie n . m u k
ទម្លាយ	369	t u m . l ie j
ភោជនីយដ្ឋាន	369	ph oo c . c ea ʔ . n ii . j a t . th aa n
ភ្លឺ	369	p l ɨɨ
ម៉ូដ	369	m oo t
រើស	369	r əə h
កាស	368	k aa h
ទស្សនិកជន	368	t uə h . s a ʔ . n ə k . k a ʔ . c u n
ទំហឹង	368	t u m . h ɨ ŋ
ពល	368	p u l
ឧស្ម័ន	368	ʔ u ʔ . s m a n
ជូនពរ	367	c uu n . p ɔɔ
ពៅ	367	p ɨ w
មណ្ឌលគិរី	367	m u n . ɗ u l . k i ʔ . r ii
រា	367	r ie
ឯកទេស	367	ʔ ae k . k a ʔ . t ee h
ឈ្នួល	366	c n uə l
តួកគី	366	t uə k . k ii
ត្រង់ចំណុច	366	t r ɑ ŋ . c ɑ m . n o c
គុន	365	k u n
គ្របដណ្តប់	365	k r ɔɔ p . ɗ ɑ n . ɗ ɑ p
ទូ	365	t uu
លះបង់	365	l ea h . ɓ ɑ ŋ
សងខាង	365	s ɑɑ ŋ . kh aa ŋ
សាធារណការ	365	s aa . th ie . r ea ʔ . n a ʔ . k aa
សាស្ត្រាចារ្យ	365	s aa h . s t r aa . c aa
ស្លាក	364	s l aa k
កាតព្វកិច្ច	363	k aa . t a p . p ea ʔ . k ə c
ឃ្លាំង	363	k l ea ŋ
ទេវតា	363	t ee . w ea ʔ . ɗ aa
ពឹងផ្អែក	363	p ɨ ŋ . p ʔ ae k
សារភាព	363	s aa . r a ʔ . ph ie p
ក្រណាត់	362	k r ɑ . n a t
ឆ្លាតវៃ	362	c l aa t . w e j
យាង	361	j ie ŋ
លា	361	l ie
វស្សា	361	w oa h . s aa
បែបណា	360	ɓ ae p . n aa
ប្រតិភូ	360	p r ɑ . t e ʔ . ph uu
ពន្យារ	360	p u n . j ie
សិស្សានុសិស្ស	360	s ə h . s aa . n u ʔ . s ə h
ចឹង	359	c ə ŋ
ថោក	359	th ao k
ថៅកែ	359	th a w . k ae
បង្អស់	358	ɓ ɑ ŋ . ʔ ɑ h
មិនឱ្យ	358	m ɨ n . ʔ ao j
កែសម្រួល	357	k ae . s ɑ m . r uə l
នគរ	357	n ɔ . k ɔɔ
ភៀសខ្លួន	357	ph iə h . k l uə n
រោគ	357	r oo k
ចម្ការ	356	c ɑ m . k aa
ចំណាប់អារម្មណ៍	356	c ɑ m . n a p . ʔ aa . r ɑ m
បម្រុង	356	ɓ ɑ m . r o ŋ
បរិវេណ	356	p a ʔ . r i ʔ . w ee n
ឱ	356	ʔ ao
ខ្លាំងក្លា	355	k l a ŋ . k l aa
ឆេះ	355	ch e h
ស្តុក	355	s ɗ o k
ដប	354	ɗ ɑɑ p
ដេ	354	ɗ ee
ទីប្រឹក្សា	353	t ii . p r ə k . s aa
ប៊ី	353	ɓ ii
ធុង	352	th u ŋ
អាណិត	352	ʔ aa . n ə t
ចត្តាឡីស័ក	351	c a t . t aa . l ə j . s a k
ចំណី	351	c ɑ m . n ə j
ស្ថិរភាព	351	s th e ʔ . r a ʔ . ph ie p
ស្លុត	351	s l o t
ក្បួន	350	k ɓ uə n
ទេសរដ្ឋមន្ត្រី	350	t ee . s a ʔ . r oa t . m u n . t r ə j
និន្នាការ	350	n ɨ n . n ie . k aa
មែនទែន	350	m ɛɛ n . t ɛɛ n
រាជអាជ្ញា	350	r ie c . ʔ aa c . ɲ aa
ទោះយ៉ាងណា	349	t uə h . j aa ŋ . n aa
ស្ថាបនា	349	s th aa . p a ʔ . n aa
ខំ	348	kh ɑ m
ប្រឹក្សា	348	p r ə k . s aa
មូល	348	m uu l
លោកតា	348	l oo k . t aa
ប្រេស៊ីល	347	p r ee . s ii l
រលូន	347	r ɔ . l uu n
រំដោះ	347	r u m . ɗ ɑ h
លក់ដូរ	347	l uə k . ɗ oo
លុបចោល	346	l u p . c ao l
ដុះ	345	ɗ o h
បូម	345	ɓ oo m
ម៉ៅ	345	m a w
គណ	344	k u n
គំនូរ	344	k u m . n uu
ទឹកនោមផ្អែម	344	t ɨ k . n oo m . p ʔ ae m
ស្រទាប់	344	s r ɑ . t oa p
ម៉ែ	343	m ae
អនុសាសន៍	343	ʔ a ʔ . n u ʔ . s aa h
អេឡិចត្រូនិក	343	ʔ ee . l ə c . t r oo . n ɨ c
យន្ត	342	j u n
លាភ	342	l ie p
ញញឹម	341	ɲ ɔ . ɲ ɨ m
ផ្តន្ទាទោស	341	p ɗ ɑ n . t ie . t oo h
រូបិយប័ណ្ណ	341	r uu p . p ə j . j a ʔ . ɓ a n
លឿង	341	l ɨə ŋ
សែនសុខ	341	s ae n . s o k
អតីតកាល	341	ʔ a ʔ . t ə j . t a ʔ . k aa l
វេជ្ជសាស្ត្រ	340	w ɨ c . c ea ʔ . s aa h
ស្រេង	340	s r ee ŋ
បេតុង	339	ɓ ee . t o ŋ
ប្រមាថ	339	p r ɑ . m aa t
ល្អិត	339	l ʔ ə t
វត្ថុតាង	339	w oa t . th o ʔ . t aa ŋ
ទ្រូង	338	t r uu ŋ
ផោន	338	ph ao n
ពិសោធន៍	338	p i ʔ . s ao t
ម៉ូត	338	m oo t
កំណែទម្រង់	337	k ɑ m . n ae . t u m . r u ŋ
ទសវត្សរ៍	337	t uə h . s a ʔ . w oa t
ទំ	337	t u m
ប្តីប្រពន្ធ	337	p ɗ ə j . p r ɑ . p u n
រាជា	337	r ie . c ie
គុក	336	k u k
ម៉ាស់	336	m a h
រដ្ឋធម្មនុញ្ញ	336	r oa t . th a ʔ . th oa m . m ea ʔ . n u ɲ
លំ	336	l u m
ឃ្លាំមើល	335	k l oa m . m əə l
ដូច្នោះ	335	ɗ oo c . c n o h
ប៉ារីស	335	p aa . r ii h
ម្យ៉ាងវិញ	335	m j aa ŋ . w ɨ ɲ
សិល្បករ	335	s ə l . l a ʔ . p a ʔ . k ɑɑ
ចំណង	334	c ɑ m . n ɑɑ ŋ
វ៉ាស៊ីនតោន	334	w aa . s ii n . t ao n
សាយ	334	s aa j
ហាងឆេង	334	h aa ŋ . ch ee ŋ
ឆ្ងាញ់	333	c ŋ a ɲ
ជំនុំជម្រះ	333	c u m . n u m . c u m . r ea h
ជ្រើស	333	c r əə h
ផែន	333	ph ae n
សាធារណជន	333	s aa . th ie . r ea ʔ . n a ʔ . c u n
សោ	333	s ao
ក្រចក	332	k r ɑ . c ɑɑ k
ចំណាស់	332	c ɑ m . n a h
ជ្រៅ	332	c r ɨ w
ដ៏ខ្ពង់ខ្ពស់	332	ɗ ɑɑ . k p u ŋ . k p uə h
ត្រា	332	t r aa
បរិច្ចាគ	332	ɓ ɑɑ . r i ʔ . c aa k
សាក្សី	332	s aa k . s ə j
អគ្គិភ័យ	332	ʔ a ʔ . k i ʔ . ph e j
ចាយ	331	c aa j
តឹង	331	t ə ŋ
យុទ្ធជន	331	j u t . th ea ʔ . c u n
គ្រោះមហន្តរាយ	330	k r uə h . m ea ʔ . h ɑ n . t a ʔ . r aa j
ជះ	330	c ea h
ជ័យ	330	c e j
ថ្នល់	330	t n ɑ l
យូរអង្វែង	330	j uu . ʔ ɑ ŋ . w ae ŋ
ទៀងទាត់	329	t iə ŋ . t oa t
ពិសោធ	329	p i ʔ . s ao t
រៀប	329	r iə p
កាណាដា	328	k aa . n aa . ɗ aa
ម្យ៉ាង	328	m j aa ŋ
បត់	327	ɓ ɑ t
សេង	327	s ee ŋ
និរន្តរភាព	326	n i ʔ . r ɑ n . t a ʔ . r a ʔ . ph ie p
បើកចំហ	326	ɓ aə k . c ɑ m . h ɑɑ
រកប្រាក់	326	r ɔɔ k . p r a k
សី	326	s ə j
កាក់	325	k a k
កាំបិត	325	k a m . ɓ ə t
ឃោសនា	325	kh oo . s n aa
ចរន្ត	325	c a ʔ . r ɑ n
ឆ្លងដែន	325	c l ɑɑ ŋ . ɗ ae n
ជូត	325	c uu t
ទឹកភ្នែក	325	t ɨ k . p n ɛɛ k
ប្លន់	325	p l ɑ n
ភាគតិច	325	ph ie k . t ə c
ម្ហូប	325	m h oo p
សំបូរ	325	s ɑ m . ɓ oo
អ្នកគ្រូ	325	n ea k . k r uu
ជាជាង	324	c ie . c ie ŋ
ប្លង់	324	p l ɑ ŋ
យោ	324	j oo
សង្កត់ធ្ងន់	324	s ɑ ŋ . k ɑ t . t ŋ u n
ស្លឹក	324	s l ə k
កម្ចាត់	323	k ɑ m . c a t
កោសិកា	323	k ao . s e ʔ . k aa
ចំរើន	323	c ɑ m . r aə n
ជាជន	323	c ie . c u n
បូ	323	ɓ oo
មួយរយៈ	323	m uə j . r ɔɔ . j ea ʔ
គូរ	322	k uu
អន្តរ	322	ʔ ɑ n . t a ʔ . r a ʔ
បច្ចុប្បន្នភាព	321	p a c . c o ʔ . ɓ ɑ n . n a ʔ . ph ie p
ពោះវៀន	321	p uə h . w iə n
អាយ	321	ʔ aa j
បំពាន	320	ɓ ɑ m . p ie n
ប្រការ	320	p r ɑ . k aa
ពោធិ៍សែនជ័យ	320	p oo . s ae n . c e j
យល់ឃើញ	320	j u l . kh əə ɲ
សំណើម	320	s ɑ m . n aə m
កំណត់ត្រា	319	k ɑ m . n ɑ t . t r aa
លោត	319	l oo t
គឹម	318	k ɨ m
បណ្តើរ	318	ɓ ɑ n . ɗ aə
រូបមន្ត	318	r uu p . p a ʔ . m u n
បង្គោល	317	ɓ ɑ ŋ . k oo l
ប្រុសស្រី	317	p r o h . s r ə j
មោទនភាព	317	m oo . t ea ʔ . n a ʔ . ph ie p
អូឡាំពិក	317	ʔ oo . l a m . p ɨ k
ខកខាន	316	kh ɑɑ k . kh aa n
ទឹកឃ្មុំ	316	t ɨ k . k m u m
ឡេង	316	l ee ŋ
អាជីវករ	316	ʔ aa . c ii . w ea ʔ . k ɑɑ
កូរ៉ូណា	315	k oo . r oo . n aa
ចាន	315	c aa n
ស្ថាបនិក	315	s th aa . p a ʔ . n ɨ k
ចម្បាំង	314	c ɑ m . ɓ a ŋ
ចរាចរ	314	c ɑ . r aa . c ɑɑ
ជាយូរ	314	c ie . j uu
វាសនា	314	w ie . s n aa
សុវណ្ណ	314	s o ʔ . w a n
ហ៊ុនសែន	314	h u n . s ae n
ទាល់តែ	313	t oa l . t ae
បង្ហើប	313	ɓ ɑ ŋ . h aə p
សូមអរគុណ	313	s oo m . ʔ ɑɑ . k u n
ស្រូប	313	s r oo p
ហោះ	313	h ɑ h
កិន	312	k ə n
ងងឹត	312	ŋ ɔ . ŋ ɨ t
តប	312	t ɑɑ p
ទា	312	t ie
ផ្កាយ	312	p k aa j
លុបបំបាត់	312	l u p . ɓ ɑ m . ɓ a t
លំនៅដ្ឋាន	312	l u m . n ɨ w . th aa n
អូស	312	ʔ oo h
ទុកជា	311	t u k . c ie
ទេសភាព	311	t ee . s a ʔ . ph ie p
និយោជិត	311	n i ʔ . j oo . c ɨ t
យានយន្ត	311	j ie n . j u n
ទូរ	310	t uu
បែកបាក់	310	ɓ ae k . ɓ a k
ពន្លត់	310	p u n . l u t
កុងត្រា	309	k o ŋ . t r aa
ស្លា	309	s l aa
កំ	308	k ɑ m
ជារឿយ	308	c ie . r ɨə j
បូក	308	ɓ oo k
ផ្លាស់	308	p l a h
កាត់ទោស	307	k a t . t oo h
ទេពកោសល្យ	307	t ee p . k ao . s ɑ l
ប្រឡាយ	307	p r ɑ . l aa j
រលក	307	r ɔ . l ɔɔ k
ដួង	306	ɗ uə ŋ
ប្រែក្លាយ	306	p r ae . k l aa j
អំបិល	306	ʔ ɑ m . ɓ ə l
រាវ	305	r ie w
សីតុណ្ហភាព	305	s ə j . t o n . h a ʔ . ph ie p
គួរសម	304	k uə . s ɑ m
ចៃដន្យ	304	c a j . ɗ ɑ n
រុញ	303	r u ɲ
ឧទ្យាន	303	ʔ u t . t j ie n
កែង	302	k ae ŋ
ចង្អុល	302	c ɑ ŋ . ʔ o l
ទប់ទល់	302	t u p . t u l
សវនាការ	302	s a ʔ . w a ʔ . n aa . k aa
ស្ងប់ស្ងាត់	302	s ŋ ɑ p . s ŋ a t
នរោត្តម	301	n ɔɔ . r oo t . ɗ ɑ m
ពលកម្ម	301	p u l . l ea ʔ . k a m
ម៉េង	301	m ee ŋ
ករ	300	k ɑɑ
ខេមរភូមិន្ទ	300	kh ee m . m r a ʔ . ph uu m . m ɨ n
រតនគិរី	300	r oa t . t a ʔ . n a ʔ . k i ʔ . r ii
គ្រែ	299	k r ɛɛ
ជីក	299	c ii k
ថង់	299	th ɑ ŋ
ពិន័យ	299	p i ʔ . n e j
អាថ៌កំបាំង	299	ʔ aa t . k ɑ m . ɓ a ŋ
ក្រឡាហោម	298	k r ɑ . l aa . h ao m
សូ	298	s oo
តម្លាភាព	297	ɗ ɑ m . l aa . ph ie p
ធំធេង	297	th u m . th ee ŋ
ពេញវ័យ	297	p ɨ ɲ . w e j
កេរ្តិ៍ឈ្មោះ	296	k ee . c m uə h
ងាប់	296	ŋ oa p
បង្ហូរ	296	ɓ ɑ ŋ . h oo
បន្សល់	296	ɓ ɑ n . s ɑ l
ឡូ	296	l oo
បង្កប់	295	ɓ ɑ ŋ . k ɑ p
ពិព័រណ៍	295	p i ʔ . p oa
សាច់ប្រាក់	295	s a c . p r a k
អចិន្ត្រៃយ៍	295	ʔ a ʔ . c ə n . t r a j
ចេក	294	c ee k
ដំបូល	294	ɗ ɑ m . ɓ oo l
ពេលណា	294	p ee l . n aa
មរណភាព	294	m ea ʔ . r ea ʔ . n a ʔ . ph ie p
លទ្ធិប្រជាធិបតេយ្យ	294	l a t . th i ʔ . p r ɑ . c ie . th ɨ p . p a ʔ . t a j
សិទ្ធ	294	s ɨ t
កំណាត់	293	k ɑ m . n a t
ក្រាម	293	k r aa m
ចំណុះ	293	c ɑ m . n o h
មុខមាត់	293	m u k . m oa t
ដីកា	292	ɗ ə j . k aa
អប្សរា	292	ʔ a ɓ . s a ʔ . r aa
ច្រើនណាស់	291	c r aə n . n a h
ឋានៈ	291	th aa . n a ʔ
ធុន	291	th u n
សង្វៀន	291	s ɑ ŋ . w iə n
សន្លប់	291	s ɑ n . l ɑ p
ស្ទឹង	291	s t ɨ ŋ
អាគារ	291	ʔ aa . k ie
ស្លៀកពាក់	290	s l iə k . p ea k
កំរិត	289	k ɑ m . r ə t
ដាំដុះ	289	ɗ a m . ɗ o h
បង្គាប់	289	ɓ ɑ ŋ . k oa p
ពុក	289	p u k
ណែត	288	n ae t
លំហូរ	288	l u m . h oo
ដ្ឋាន	286	th aa n
វណ្ណៈ	286	w a n . n a ʔ
សប្បុរសជន	286	s ɑ p . ɓ o ʔ . r ɑ h . s a ʔ . c u n
ខាតបង់	285	kh aa t . ɓ ɑ ŋ
ត្រចៀក	285	t r ɑ . c iə k
បាងកក	285	ɓ aa ŋ . k ɑɑ k
ប៉ះទង្គិច	285	p a h . t u ŋ . k ɨ c
អារ	285	ʔ aa
ចត	284	c ɑɑ t
ឈីប	283	ch ii p
មេរៀន	283	m ee . r iə n
រវល់	283	r ɔ . w u l
វឌ្ឍនភាព	283	w oa t . th ea ʔ . n ea ʔ . ph ie p
វិនិយោគិន	283	w i ʔ . n i ʔ . j oo k . k ɨ n
កង្វះ	282	k ɑ ŋ . w a h
កំណែ	282	k ɑ m . n ae
ចិញ្ចើម	282	c ə ɲ . c aə m
បញ្ចេញមតិ	282	ɓ a ɲ . c ə ɲ . m ea ʔ . t e ʔ
ព្រឹត្តិបត្រ	282	p r ɨ t . t e ʔ . ɓ a t
ព្រះអម្ចាស់	282	p r ea h . ʔ ɑ m . m c a h
គម្លាត	281	k u m . l ie t
ចំណីអាហារ	281	c ɑ m . n ə j . ʔ aa . h aa
ដឹងទេ	281	ɗ ə ŋ . t ee
ទូរស័ព្ទដៃ	281	t uu . r ea ʔ . s a p . ɗ a j
ធ្វើបាប	281	t w əə . ɓ aa p
បេតិកភណ្ឌ	281	p ee . t e ʔ . k a ʔ . ph oa n
សង្ខេប	281	s ɑ ŋ . kh ae p
ជម្រុះ	280	c u m . r u h
តូ	280	t oo
និពន្ធ	280	n i ʔ . p u n
យុវវ័យ	280	j u ʔ . w ea ʔ . w e j
លឺ	280	l ɨɨ
ក្រពះ	279	k r ɑ . p ea h
ងូត	279	ŋ uu t
ចម្រើន	279	c ɑ m . r aə n
ទីបី	279	t ii . ɓ ə j
វ៉ាត់	279	w a t
គយ	278	k ɔɔ j
តួអង្គ	278	t uə . ʔ ɑ ŋ
សត្រូវ	278	s a t . t r ə w
សន្ទុះ	278	s ɑ n . t u h
អប្បបរមា	278	ʔ a p . p a ʔ . p a ʔ . r a ʔ . m aa
ផ្ទុះឡើង	277	p t u h . l aə ŋ
ពិសា	277	p i ʔ . s aa
រយៈ	277	r ɔ . j ea ʔ
ចង្កូត	276	c ɑ ŋ . k oo t
ចំហៀង	276	c ɑ m . h iə ŋ
ដាវ	276	ɗ aa w
តោះ	276	t ɑ h
ផ្តាំផ្ញើ	276	p ɗ a m . p ɲ aə
វាស់	276	w oa h
វិន័យ	276	w i ʔ . n e j
វេន	276	w ee n
សាប៊ូ	276	s aa . ɓ uu
ស្វា	276	s w aa
គុណសម្បត្តិ	275	k u n . s ɑ m . ɓ a t
ជ្រាលជ្រៅ	275	c r ie l . c r ɨ w
ថ	275	th ɑɑ
ទាត់	275	t oa t
ផ្ញើសារ	275	p ɲ aə . s aa
ហាត់	275	h a t
អឺរ៉ូ	275	ʔ əə . r oo
ឯកអគ្គរដ្ឋទូត	275	ʔ ae k . ʔ a ʔ . k ea ʔ . r oa t . th a ʔ . t uu t
ចក្ខុវិស័យ	274	c a k . kh o ʔ . w i ʔ . s a j
ទំនាស់	274	t u m . n oa h
ពរ	274	p ɔɔ
វេចខ្ចប់	274	w ɨ c . k c ɑ p
សរ	274	s ɑɑ
ឃ្លា	273	k l ie
ចេញចូល	273	c ə ɲ . c oo l
ភូមា	273	ph uu . m ie
ស្ថេរភាព	273	s th ee . r a ʔ . ph ie p
ស្លាប	273	s l aa p
កុសល	272	k o ʔ . s ɑ l
ទ្រាំ	272	t r oa m
វាស់វែង	272	w oa h . w ɛɛ ŋ
សមាសធាតុ	272	s a ʔ . m aa . s a ʔ . th ie t
អាកាសយានដ្ឋាន	272	ʔ aa . k aa h . s a ʔ . j ie n . n a t . th aa n
ខេម	271	kh ee m
ជ្រុង	271	c r u ŋ
ពពួក	271	p ɔ . p uə k
សុខចិត្ត	271	s o k . c ə t
អនុគ្រោះ	271	ʔ a ʔ . n u ʔ . k r uə h
កាលបរិច្ឆេទ	270	k aa l . p a ʔ . r ə c . ch ae t
នាគ	270	n ie k
ប្រញាប់	270	p r ɑ . ɲ a p
ម្ហូបអាហារ	270	m h oo p . ʔ aa . h aa
សាំង	270	s a ŋ
អាសន្ន	270	ʔ aa . s ɑ n
គប្បី	269	k oa p . ɓ ə j
ពាក្យថា	269	p ie k . th aa
ពូ	269	p uu
រំ	269	r u m
លឹម	269	l ɨ m
សាមគ្គី	269	s aa . m a ʔ . k ii
សំរេច	269	s ɑ m . r a c
ទប់	268	t u p
ទីស្តីការ	268	t ii . s ɗ ə j . k aa
ធានារ៉ាប់រង	268	th ie . n ie . r a p . r ɔɔ ŋ
ផេក	268	ph ee k
សំលេង	268	s ɑ m . l ee ŋ
កាត់ដេរ	267	k a t . ɗ ee
ខ្សែក្រវាត់	267	k s ae . k r ɑɑ . w a t
ទាក់ទិន	267	t ea k . t ɨ n
យោងទៅតាម	267	j oo ŋ . t ɨ w . t aa m
ស្នូល	267	s n oo l
អាកាសចរណ៍	267	ʔ aa . k aa h . s a ʔ . c ɑɑ
ឆាយ	266	ch aa j
នឹកស្មាន	266	n ɨ k . s m aa n
នូ	266	n uu
បកប្រែ	266	ɓ ɑɑ k . p r ae
រលោង	266	r ɔ . l oo ŋ
វ៉ៃ	266	w a j
ស៊ីជម្រៅ	266	s ii . c u m . r ɨ w
ហែលទឹក	266	h ae l . t ɨ k
អាហ្វហ្គានីស្ថាន	266	ʔ aa f . g aa . n ii . s th aa n
គម្ពីរ	265	k u m . p ii
ដំរី	265	ɗ ɑ m . r ə j
រយះ	265	r ɔ . j ea h
អត្ថាធិប្បាយ	265	ʔ a t . th aa . th i ʔ . ɓ a j
ខកចិត្ត	264	kh ɑɑ k . c ə t
ថែម	264	th ae m
យួន	264	j uə n
រើសអើង	264	r əə h . ʔ aə ŋ
សម្ព័ន្ធមិត្ត	264	s ɑ m . p oa n . th ea ʔ . m ɨ t
ស្រមៃ	264	s r ɑ . m a j
គីឡូ	263	k ii . l oo
ទាន	263	t ie n
បេ	263	ɓ ee
យ៉ាងម៉េច	263	j aa ŋ . m ə c
សំអាត	263	s ɑ m . ʔ aa t
ហេ	263	h ee
អាយុជីវិត	263	ʔ aa . j u ʔ . c ii . w ɨ t
ទាន់សម័យ	262	t oa n . s a ʔ . m a j
ស៊ុន	262	s u n
កប់	261	k ɑ p
ដំ	261	ɗ ɑ m
បទសម្ភាសន៍	261	ɓ ɑ t . s ɑ m . ph ie h
បុត្រ	261	ɓ o t
មតិយោបល់	261	m ea ʔ . t e ʔ . j oo . ɓ ɑ l
វិធាន	261	w i ʔ . th ie n
សកលលោក	261	s a ʔ . k ɑ l . l oo k
អធិបតី	261	ʔ a ʔ . th ɨ p . p a ʔ . ɗ ə j
ក្តីសង្ឃឹម	260	k ɗ ə j . s ɑ ŋ . kh ɨ m
ជលផល	260	c u l . l ea ʔ . ph ɑ l
ពិគ្រោះយោបល់	260	p i ʔ . k r uə h . j oo . ɓ ɑ l
របង	260	r ɔ . ɓ ɑɑ ŋ
ល្បាត	260	l ɓ aa t
អូរ	260	ʔ oo
កងយោធពល	259	k ɑɑ ŋ . j oo . th ea ʔ . p u l
សុខសន្តិភាព	259	s o k . s ɑ n . t e ʔ . ph ie p
ហង្ស	259	h ɑ ŋ
អើយ	259	ʔ aə j
មាតុភូមិ	258	m ie t . t o ʔ . ph uu m
យោគយល់	258	j oo k . j u l
រាយ	258	r ie j
សមយុទ្ធ	258	s ɑɑ m . j u t
ធនធានទឹក	257	th u n . th ie n . t ɨ k
ភេរវកម្ម	257	ph ee . r ea ʔ . w ea ʔ . k a m
រំលោភបំពាន	257	r u m . l oo p . ɓ ɑ m . p ie n
ក្លាហាន	256	k l aa . h aa n
គួច	256	k uə c
ដ្បិត	256	t ɓ ə t
ពពក	256	p ɔ . p ɔɔ k
មេឃ	256	m ee k
ឃួង	255	kh uə ŋ
ចោមចៅ	255	c ao m . c a w
តំលៃ	255	ɗ ɑ m . l a j
រង្វង់	255	r u ŋ . w u ŋ
អិល	255	ʔ ə l
តទៅទៀត	254	t ɑɑ . t ɨ w . t iə t
ព្រលាន	254	p r ɔ . l ie n
សូម្បី	254	s oo m . ɓ ə j
ស្ថានីយ៍	254	s th aa . n ii
ឆ្លៀត	253	c l iə t
ទស្សនាវដ្តី	253	t uə h . s a ʔ . n aa . w oa t . ɗ ə j
ប្លុក	253	ɓ l o k
ពូទីន	253	p uu . t ii n
ពូល	253	p uu l
រន្ធត់	253	r u n . th u t
អត់ធ្មត់	253	ʔ ɑ t . t m u t
ឧក្រិដ្ឋកម្ម	253	ʔ u ʔ . k r ə t . th a ʔ . k a m
កំលាំង	252	k ɑ m . l a ŋ
កំឡុងពេល	252	k ɑ m . l o ŋ . p ee l
ច្រមុះ	252	c r ɑ . m o h
បញ្ចាំង	252	ɓ a ɲ . c a ŋ
សិប្បកម្ម	252	s ə p . p a ʔ . k a m
កិត្តិព្រឹទ្ធបណ្ឌិត	251	k ə t . t e ʔ . p r ɨ t . ɓ ɑ n . ɗ ɨ t
កេស	251	k ee h
ជាតិសាសន៍	251	c ie t . s aa h
ម៉េច	251	m ə c
រឹតតែ	251	r ɨ t . t ae
សួនច្បារ	251	s uə n . c ɓ aa
ស៊ាំ	251	s oa m
ហូ	251	h oo
ឧបាសិកា	251	ʔ u ʔ . ɓ aa . s e ʔ . k aa
ចាត់ចែង	250	c a t . c ae ŋ
ផ្ទៀងផ្ទាត់	250	p t iə ŋ . p t oa t
ពាក្យសម្តី	250	p ie k . s ɑ m . ɗ ə j
រោច	250	r oo c
សួត	250	s uə t
អំ	250	ʔ ɑ m
កំលោះ	249	k ɑ m . l ɑ h
ក្បត់	249	k ɓ ɑ t
បេក្ខភាព	249	p ae k . kh a ʔ . ph ie p
ព្យុះ	249	p j u h
អ្នកឧកញ៉ា	249	n ea k . ʔ o k . ɲ aa
កែប	248	k ae p
បន្លាស់	248	ɓ ɑ n . l a h
បិសាច	248	ɓ ə j . s aa c
ប៉ុណ្ណា	248	p o n . n aa
ភ្ញាក់	248	p ɲ ea k
ម៉ូ	248	m oo
កោះហៅ	247	k ɑ h . h a w
ទេព	247	t ee p
បន្តិចបន្តួច	247	ɓ ɑ n . t ə c . ɓ ɑ n . t uə c
វិនាទី	247	w i ʔ . n ie . t ii
សុន្ទរកថា	247	s o n . t ea ʔ . r ea ʔ . k a ʔ . th aa
អបអរ	247	ʔ ɑɑ p . ʔ ɑɑ
ដូនពេញ	246	ɗ oo n . p ɨ ɲ
ទៅមើល	246	t ɨ w . m əə l
ប៉ុនប៉ង	246	p o n . p ɑɑ ŋ
គម	245	k ɔɔ m
ឆ្នាំង	245	c n a ŋ
តោ	245	t ao
ទទឹង	245	t ɔ . t ɨ ŋ
បូជា	245	ɓ oo . c ie
ផ្តាសាយ	245	p ɗ aa . s aa j
សៅ	245	s a w
អាសនៈ	245	ʔ aa . s a ʔ . n a ʔ
ចរិត	244	c a ʔ . r ə t
ច្រឡំ	244	c r ɑ . l ɑ m
ទៀន	244	t iə n
ឡាយ	244	l aa j
ជឿនលឿន	243	c ɨə n . l ɨə n
ដើរតួ	243	ɗ aə . t uə
ប្រូតេអ៊ីន	243	p r oo . t ee . ʔ ii n
ផ្សាយផ្ទាល់	243	p s aa j . p t oa l
ពិពណ៌នា	243	p i ʔ . p oa . r ea ʔ . n ie
ភ្លៀងធ្លាក់	243	p l iə ŋ . t l ea k
ម្តុំ	243	m ɗ o m
ល្មម	243	l m ɔɔ m
កង្វល់	242	k ɑ ŋ . w ɑ l
ចីរភាព	242	c ee . r ea ʔ . ph ie p
ច្រកទ្វារ	242	c r ɑɑ k . t w ie
ទ្រទ្រង់	242	t r ɔ . t r u ŋ
ផ្សា	242	p s aa
ព្យួរ	242	p j uə
វិទ្យា	242	w i ʔ . t j ie
ឡេ	242	l ee
គត់	241	k u t
ត្រកូល	241	t r ɑ . k oo l
បទដ្ឋាន	241	ɓ ɑ t . th aa n
យោង	241	j oo ŋ
កាលៈទេសៈ	240	k aa . l a ʔ . t ee . s a ʔ
ជំពាក់	240	c u m . p ea k
ផលវិបាក	240	ph ɑ l . w i ʔ . ɓ aa k
លក្ខណៈសម្បត្តិ	240	l ea k . kh a ʔ . n a ʔ . s ɑ m . ɓ a t
ស្មៅ	240	s m a w
ថ្លៃថ្នូរ	239	t l a j . t n oo
របាំង	239	r ɔ . ɓ a ŋ
ជំនួយការ	238	c u m . n uə j . k aa
ម៉ាស	238	m aa h
យេស៊ូវ	238	j ee . s uu w
រស្មី	238	r ea ʔ . s m ə j
សំណល់	238	s ɑ m . n ɑ l
ក្រែម	237	k r ae m
ទាល់តែសោះ	237	t oa l . t ae . s ɑ h
ប្រសាទ	237	p r ɑ . s aa t
ពិគ្រោះ	237	p i ʔ . k r uə h
ម៉ែន	237	m ae n
យ៉ាងណាក្តី	237	j aa ŋ . n aa . k ɗ ə j
រិទ្ធ	237	r ɨ t
លង់	237	l u ŋ
សម្បទាន	237	s a m . p a ʔ . t ie n
ស្លៀក	237	s l iə k
ហ្វូង	237	w oo ŋ
គ្រឿងផ្សំ	236	k r ɨə ŋ . p s ɑ m
ច្រើនតែ	236	c r aə n . t ae
ជ័រ	236	c oa
តុល្យភាព	236	t o l . l j a ʔ . ph ie p
ថ្នាំញៀន	236	t n a m . ɲ iə n
បូព៌ា	236	ɓ oo . p ie
ខាត	235	kh aa t
ទួលគោក	235	t uə l . k oo k
រឹតបន្តឹង	235	r ɨ t . ɓ ɑ n . t ə ŋ
វេ	235	w ee
វ៉ាន់	235	w a n
សមាធិ	235	s a ʔ . m aa . th i ʔ
ស្រមោល	235	s r ɑ . m ao l
អាហារូបករណ៍	235	ʔ aa . h aa . r uu p . p a ʔ . k ɑɑ
ឆ្មា	234	c m aa
ជាមន្ត្រី	234	c ie . m u n . t r ə j
ផ្អែមល្ហែម	234	p ʔ ae m . l h ae m
រដ្ឋប្រហារ	234	r oa t . p r ɑ . h aa
រុក្ខាប្រមាញ់	234	r u k . kh aa . p r ɑ . m a ɲ
អវកាស	234	ʔ a ʔ . w ea ʔ . k aa h
អេដស៍	234	ʔ ee t
កខ្វក់	233	k ɑ . k w ɑ k
ប៉ាគីស្ថាន	233	p aa . k ii . s th aa n
ផ្តើម	233	p ɗ aə m
សាល	233	s aa l
ស្ងាត់	233	s ŋ a t
ស្ទីល	233	s t ii l
ការនាំចូល	232	k aa . n oa m . c oo l
ខ្វល់	232	k w ɑ l
ឆ្លាត	232	c l aa t
សង្គ្រោះបន្ទាន់	232	s ɑ ŋ . k r uə h . ɓ ɑ n . t oa n
សន្លាក់	232	s ɑ n . l a k
សរីរាង្គ	232	s a ʔ . r ə j . r ie ŋ
ភិក្ខុ	231	ph i k . kh o ʔ
លាមក	231	l ie . m uə k
សុភាព	231	s o ʔ . ph ie p
អាមេរិកាំង	231	ʔ aa . m ee . r i k . k a ŋ
អ៊ីនធឺ	231	ʔ ii n . th ɨɨ
ឥស្លាម	231	ʔ e h . s l aa m
ក្រោក	230	k r ao k
ឆ្ងល់	230	c ŋ ɑ l
ជំ	230	c u m
ដង្កោ	230	ɗ ɑ ŋ . k ao
តាខ្មៅ	230	t aa . k m a w
ពូជសាសន៍	230	p uu c . s a h
សង្វាក់	230	s ɑ ŋ . w a k
ហុងដា	230	h o ŋ . ɗ aa
ចំណាក	229	c ɑ m . n aa k
ទូរគមនាគមន៍	229	t uu . r ea ʔ . k ea ʔ . m ea ʔ . n ie . k u m
ទំនេរ	229	t u m . n ee
បង្អែក	229	ɓ ɑ ŋ . ʔ ae k
ប្រណិត	229	p r ɑ . n ə t
ផា	229	ph aa
សំបក	229	s ɑ m . ɓ ɑɑ k
ឥណ្ឌូណេស៊ី	229	ʔ ə n . ɗ uu . n ee . s ii
គន្លង	228	k u n . l ɔɔ ŋ
ជំទាស់	228	c u m . t oa h
បត់បែន	228	ɓ ɑ t . ɓ ae n
បំផុស	228	ɓ ɑ m . ph o h
ព្យាករណ៍	228	p j ie . k ɑɑ
សម្បុរ	228	s ɑ m . ɓ o l
សុំទោស	228	s o m . t oo h
ជួន	227	c uə n
ធុរកិច្ច	227	th u ʔ . r ea ʔ . k ə c
បង្អួច	227	ɓ ɑ ŋ . ʔ uə c
បំរើ	227	ɓ ɑ m . r aə
ប្រា	227	p r aa
មុខតំណែង	227	m u k . ɗ ɑ m . n ae ŋ
រំឭក	227	r u m . l ɨ k
សមាជិកសភា	227	s a ʔ . m aa . c ɨ k . s a ʔ . ph ie
សមាសភាព	227	s a ʔ . m aa . s a ʔ . ph ie p
សុំការ	227	s o m . k aa
សេចក្តីសុខ	227	s ə c . k ɗ ə j . s o k
សំដែង	227	s ɑ m . ɗ ae ŋ
អាយុកាល	227	ʔ aa . j u ʔ . k aa l
អ៊ីរ៉ាក់	227	ʔ ii . r a k
កំប៉ុង	226	k ɑ m . p o ŋ
ដឹងច្បាស់	226	ɗ ə ŋ . c ɓ a h
បឋមសិក្សា	226	p a ʔ . th ɑ m . m a ʔ . s ə k . s aa
លេប	226	l ee p
ស្រក	226	s r ɑɑ k
អាវុធហត្ថ	226	ʔ aa . w u t . h a t
ខ្លាំងពេក	225	k l a ŋ . p ee k
ច្រានចោល	225	c r aa n . c ao l
ឈប់សម្រាក	225	ch u p . s ɑ m . r aa k
បែកធ្លាយ	225	ɓ ae k . t l ie j
ផ្តួល	225	p ɗ uə l
ពន្លឿន	225	p u n . l ɨə n
រទេះ	225	r ɔ . t e h
លែងលះ	225	l ɛɛ ŋ . l ea h
សេនា	225	s ee . n aa
ស្តើង	225	s ɗ aə ŋ
អត្តពលិក	225	ʔ a t . t a ʔ . p u l . l ɨ k
កម្មការិនី	224	k a m . m a ʔ . k aa . r i ʔ . n ii
កាលណា	224	k aa l . n aa
ចូ	224	c oo
ជេរ	224	c ee
ឈ្លានពាន	224	c l ie n . p ie n
បង់ពន្ធ	224	ɓ ɑ ŋ . p u n
អនុស្សាវរីយ៍	224	ʔ a ʔ . n u ʔ . s aa . w r ii
គណៈរដ្ឋមន្ត្រី	223	k ea ʔ . n a ʔ . r oa t . m u n . t r ə j
គ្រង	223	k r ɔɔ ŋ
ជួនកាល	223	c uə n . k aa l
ដំឡូង	223	ɗ ɑ m . l oo ŋ
សុន	223	s o n
ចំណាំ	222	c ɑ m . n a m
ជល់	222	c u l
បែរ	222	ɓ ae
ផ្តាច់មុខ	222	p ɗ a c . m u k
សាមគ្គីភាព	222	s aa m . m ea k . k ii . ph ie p
ស្មា	222	s m aa
ខ្លា	221	k l aa
ចម្លាក់	221	c ɑ m . l a k
ច្បារអំពៅ	221	c ɓ aa . ʔ ɑ m . p ɨ w
ញុះញង់	221	ɲ u h . ɲ u ŋ
ដុស	221	ɗ o h
ដើមកំណើត	221	ɗ aə m . k ɑ m . n aə t
ធាត់	221	th oa t
នាឡិកា	221	n ie . l e ʔ . k aa
បដិវត្តន៍	221	p a ʔ . ɗ e ʔ . w oa t
បំពុល	221	ɓ ɑ m . p u l
សម្រក	221	s ɑ m . r ɑɑ k
ជើងទឹក	220	c əə ŋ . t ɨ k
ផ្លាក	220	p l aa k
ផ្សារភ្ជាប់	220	p s aa . p c oa p
មើលថែ	220	m əə l . th ae
សហគ្រិន	220	s a ʔ . h a ʔ . k r ɨ n
អ័រម៉ូន	220	ʔ oa . m oo n
ឃាតកម្ម	219	kh ie t . t a ʔ . k a m
ចំណាត់ការ	219	c ɑ m . n a t . k aa
បំណែក	219	ɓ ɑ m . n ae k
មួក	219	m uə k
រលាយ	219	r ɔ . l ie j
លាងសម្អាត	219	l ie ŋ . s ɑ m . ʔ aa t
វិវត្ត	219	w i ʔ . w oa t
ដោះដូរ	218	ɗ ɑ h . ɗ oo
អាកប្បកិរិយា	218	ʔ aa . k a p . p a ʔ . k e ʔ . r e ʔ . j aa
គល់	217	k u l
ប្រឹង	217	p r ə ŋ
រ័ត្ន	217	r oa t
ហិរញ្ញប្បទាន	217	h e ʔ . r a ɲ . p a ʔ . t ie n
ហុង	217	h o ŋ
ឡី	217	l ə j
អាស៊ីត	217	ʔ aa . s ii t
ដេញថ្លៃ	216	ɗ ə ɲ . t l a j
បរិបទ	216	p a ʔ . r e ʔ . ɓ ɑ t
បើទោះបី	216	ɓ aə . t uə h . ɓ ə j
ពន្ធដារ	216	p u n . ɗ aa
រូ	216	r uu
កន្សែង	215	k ɑ n . s ae ŋ
ខោអាវ	215	kh ao . ʔ aa w
គ្រាន់	215	k r oa n
បំប្លែង	215	ɓ ɑ m . p l ae ŋ
ម៉ាត់	215	m a t
វាយលុក	215	w ie j . l u k
សង្កត់	215	s ɑ ŋ . k ɑ t
សិរី	215	s e ʔ . r ii
ឆាបឆេះ	214	ch aa p . ch e h
ជប់លៀង	214	c u p . l iə ŋ
ប្រើថ្នាំ	214	p r aə . t n a m
លើកស្ទួយ	214	l əə k . s t uə j
សម្បូរបែប	214	s ɑ m . ɓ oo . ɓ ae p
ស្តាយ	214	s ɗ aa j
ហ្វេន	214	f ee n
កែម	213	k ae m
ត្រីមាស	213	t r ə j . m ie h
ទីបញ្ចប់	213	t ii . ɓ ɑ ɲ . c ɑ p
សេះ	213	s e h
ស្រង់	213	s r ɑ ŋ
អ៊ូ	213	ʔ uu
កម្រាល	212	k ɑ m . r aa l
ឈ្លោះ	212	c l uə h
ត្នោត	212	t n ao t
ថ្កោលទោស	212	t k ao l . t oo h
លិង្គ	212	l ɨ ŋ
សំលៀក	212	s ɑ m . l iə k
ឧត្តរមានជ័យ	212	ʔ u t . ɗ ɑɑ . m ie n . c e j
កត់ត្រា	211	k ɑ t . t r aa
កាដូ	211	k aa . ɗ oo
ការ៉េ	211	k aa . r ee
ជ័យជំនះ	211	c e j . c u m . n ea h
ថយ	211	th ɑɑ j
ថ្ងៃត្រង់	211	t ŋ a j . t r ɑ ŋ
ទទូច	211	t ɔ . t uu c
និស្ស័យ	211	n i h . s a j
ផុស	211	ph o h
រេ	211	r ee
សាហាវ	211	s aa . h aa w
ចំការមន	210	c ɑ m . k aa . m ɔɔ n
ទេស	210	t ee h
ប្រល័យ	210	p r ɑ . l a j
ប្រាជ្ញា	210	p r aa c . ɲ aa
ប្រាស្រ័យ	210	p r aa . s r a j
ពា	210	p ie
សម្ផស្ស	210	s ɑ m . ph oa h
កកស្ទះ	209	k ɑɑ k . s t ea h
ដង្ហែ	209	ɗ ɑ ŋ . h ae
ដើរលេង	209	ɗ aə . l ee ŋ
បាប	209	ɓ aa p
ពង្រាយ	209	p u ŋ . r ie j
លំនៅឋាន	209	l u m . n ɨ w . th aa n
ឫ	209	r ɨ ʔ
កម្ទេច	208	k ɑ m . t ɨ c
ទ្រី	208	t r ii
នោម	208	n oo m
ប្រចាំខែ	208	p r ɑ . c a m . kh ae
ប្រទាន	208	p r ɑ . t ie n
ផ្តាច់ការ	208	p ɗ a c . k aa
មង្គលការ	208	m u ŋ . k u l . k aa
មេឃុំ	208	m ee . kh u m
លំនាំ	208	l u m . n oa m
សេនីយ៍ឯក	208	s ee . n ə j . ʔ ae k
អគ្គស្នងការ	208	ʔ a ʔ . k ea ʔ . s n ɑɑ ŋ . k aa
ក្រាស់	207	k r a h
អយ្យការ	207	ʔ a j . j a ʔ . k aa
ឥរិយាបថ	207	ʔ ə ʔ . r e ʔ . j aa . ɓ ɑ t
ឧតុនិយម	207	ʔ u ʔ . t o ʔ . n i ʔ . j u m
ក្រមុំ	206	k r ɑ . m o m
ជាប់ចោទ	206	c oa p . c ao t
ណូ	206	n oo
ទំងន់	206	t u m . ŋ u n
ទ្រឹស្តី	206	t r ɨ h . s ɗ ə j|t r ɨ ʔ . s ɗ ə j
បន្លំ	206	ɓ ɑ n . l ɑ m
ប្រសិនជា	206	p r ɑ . s ə n . c ie
យុគសម័យ	206	j u k . s a ʔ . m a j
រ៉ានី	206	r aa . n ii
ល្អណាស់	206	l ʔ ɑɑ . n a h
សូត្រ	206	s oo t
គាំពារ	205	k oa m . p ie
ដប់	205	ɗ ɑ p
ទន្លេសាប	205	t u n . l ee . s aa p
ទូច	205	t uu c
ធា	205	th ie
ផឹកស៊ី	205	ph ə k . s ii
ផែនទី	205	ph ae n . t ii
ព្រំ	205	p r u m
មកម្ល៉េះ	205	m ɔɔ k . m l e h
រកា	205	r ɔ . k aa
រឹបអូស	205	r ɨ p . ʔ oo h
វិនិច្ឆ័យ	205	w i ʔ . n i c . ch a j
ឡ	205	l ɑɑ
តម្កល់	204	ɗ ɑ m . k ɑ l
ទីណា	204	t ii . n aa
ព្រះពុទ្ធ	204	p r ea h . p u t
រំលែក	204	r u m . l ɛɛ k
រះ	204	r ea h
សាស្ត្រ	204	s aa h
ស្រាបៀរ	204	s r aa . ɓ iə
អកុសល	204	ʔ a ʔ . k o ʔ . s ɑ l
អាណាព្យាបាល	204	ʔ aa . n aa . p j ie . ɓ aa l
ទីប្រជុំជន	203	t ii . p r ɑ . c u m . c u n
បំប៉ន	203	ɓ ɑ m . p ɑɑ n
ផ្ទៃមុខ	203	p t e j . m u k
អ៊ុក	203	ʔ u k
ក្រពេញ	202	k r ɑ . p ɨ ɲ
និទាន	202	n i ʔ . t ie n
បវរកញ្ញា	202	ɓ ɑ . w ɑɑ . k a ɲ . ɲ aa
បៃ	202	ɓ a j
សាក់	202	s a k
ស័ក្តិ	202	s a k
អតិបរមា	202	ʔ a ʔ . t e ʔ . p a ʔ . r a ʔ . m aa
ជើងចាស់	201	c əə ŋ . c a h
បាតុករ	201	p aa t . t o ʔ . k ɑɑ
មីង	201	m ii ŋ
ស្ថិតិ	201	s th e ʔ . t e ʔ
ស្បូន	201	s ɓ oo n
កុរ	200	k o l
ឃាត	200	kh ie t
ទិដ្ឋាការ	200	t ɨ t . th aa . k aa
ប្រកាន់ខ្ជាប់	200	p r ɑ . k a n . k c oa p
សីលធម៌	200	s ə l . l a ʔ . th oa
ខាំ	199	kh a m
ខេ	199	kh ee
ខេមបូឌា	199	kh ee m . ɓ oo . ɗ ie
តី	199	t ə j
ទូត	199	t uu t
បោកប្រាស់	199	ɓ ao k . p r a h
ផ្អែម	199	p ʔ ae m
ព្រៃឡង់	199	p r e j . l ɑ ŋ
រាម	199	r ie m
អង្គរវត្ត	199	ʔ ɑ ŋ . k ɔɔ . w oa t
អត្តឃាត	199	ʔ a t . t a ʔ . kh ie t
កុន	198	k o n
ក្បាច់	198	k ɓ a c
ដូង	198	ɗ oo ŋ
ដំបូន្មាន	198	ɗ ɑ m . ɓ oo n . m ie n
ពស់	198	p uə h
មាតា	198	m ie . ɗ aa
មុខសញ្ញា	198	m u k . s a ɲ . ɲ aa
ស៊ិន	198	s ɨ n
កែទម្រង់	197	k ae . t u m . r u ŋ
បណ្ណាល័យ	197	ɓ ɑ n . n aa . l a j
ផ្អើល	197	p ʔ aə l
វីឡា	197	w ii . l aa
ដើមទុន	196	ɗ aə m . t u n
ពុំទាន់	196	p u m . t oa n
វិសោធនកម្ម	196	w i ʔ . s ao . th ea ʔ . n ea ʔ . k a m
សីហនុ	196	s ə j . h a ʔ . n u ʔ
អេហ្ស៊ីប	196	ʔ ee . z ii p
ឳ	196	ʔ a w
កម្រៃ	195	k ɑ m . r a j
ភ្ជុំបិណ្ឌ	195	p c u m . ɓ ə n
រមាស់	195	r ɔ . m oa h
រុះរើ	195	r u h . r əə
ល្វែង	195	l w ɛɛ ŋ
វិជ្ជា	195	w ɨ c . c ie
សិចស៊ី	195	s ə c . s ii
ហ្សា	195	z aa
កប៉ាល់	194	k a ʔ . p a l
គេហដ្ឋាន	194	k ee . h a ʔ . th aa n
ភូមិភាគ	194	ph uu m . ph ie k
ហូឡង់	194	h oo . l ɑ ŋ
គណនា	193	k ea ʔ . n a ʔ . n ie
ជណ្តើរ	193	c u n . ɗ aə
ដូរ	193	ɗ oo
បែបបទ	193	ɓ ae p . ɓ ɑ t
ម៉ាស្សា	193	m aa s . s aa
យាយ	193	j ie j
សប្បុរសធម៌	193	s ɑ p . ɓ o ʔ . r ɑ h . s a ʔ . th oa
សេតវិមាន	193	s ee t . t a ʔ . w i ʔ . m ie n
សេសសល់	193	s e h . s ɑ l
អាចារ្យ	193	ʔ aa . c aa
ខុន	192	kh o n
ខុនដូ	192	kh o n . ɗ oo
ខ្មោច	192	k m ao c
ជាក់	192	c ea k
តាលីបង់	192	t aa . l ii . ɓ ɑ ŋ
បណ្ណ	192	ɓ a n
បណ្តុះ	192	ɓ ɑ n . ɗ o h
បាក់តេរី	192	ɓ a k . t ee . r ii
បាល់ទះ	192	ɓ a l . t ea h
ប្រាំពីរ	192	p r a m . p ii
ពង	192	p ɔɔ ŋ
រួបរួម	192	r uə p . r uə m
សម្រុក	192	s ɑ m . r o k
សហការី	192	s a ʔ . h a ʔ . r ə j
សុពលភាព	192	s o ʔ . p u l . l ea ʔ . ph ie p
សេនីយ៍	192	s ee . n ə j
ហិ	192	h e ʔ
ហោ	192	h ao
ប្រកែក	191	p r ɑ . k ae k
សាន់	191	s a n
សើច	191	s aə c
ឧស្សាហ៍	191	ʔ u h . s aa
ចៀស	190	c iə h
ជ័យលាភី	190	c e j . l ie . ph ii
ថែ	190	th ae
រុំ	190	r u m
វារីអគ្គិសនី	190	w ie . r ii . ʔ a ʔ . k i ʔ . s a ʔ . n ii
អាវយឺត	190	ʔ aa w . j ɨɨ t
គំរោង	189	k u m . r oo ŋ
ចង្ក្រាន	189	c ɑ ŋ . k r aa n
មិនបាច់	189	m ɨ n . ɓ a c
រួចផុត	189	r uə c . ph o t
ក្រឡេកមើល	188	k r ɑ . l ee k . m əə l
តម្រង់	188	ɗ ɑ m . r ɑ ŋ
តម្លើង	188	ɗ ɑ m . l aə ŋ
មមាញឹក	188	m ɔ . m ie . ɲ ɨ k
ម្រាមដៃ	188	m r ie m . ɗ a j
រើ	188	r əə
ស្ទឹងមានជ័យ	188	s t ɨ ŋ . m ie n . c e j
អគ្គីភ័យ	188	ʔ a k . k ii . ph e j
អ៊ីស្លាម	188	ʔ ii . s l aa m
ទាស់	187	t oa h
ទូល	187	t uu l
ធូលី	187	th uu . l ii
ប៉ាស៊ីហ្វិក	187	p aa . s ii . f ɨ k
ពិសិដ្ឋ	187	p i ʔ . s ə t
ភ្លោះ	187	p l uə h
សង្គមកិច្ច	187	s ɑ ŋ . k u m . m ɑ . k ə c
ហ្វឹកហ្វឺន	187	w ə k . w əə n
ច្នៃ	186	c n a j
ដកចេញ	186	ɗ ɑɑ k . c ə ɲ
យាន	186	j ie n
អាសយដ្ឋាន	186	ʔ aa . s a j . j a t . th aa n
ក្រៀមក្រំ	185	k r iə m . k r ɑ m
គ្រីប	185	k r ii p
ដិន	185	ɗ ə n
បញ្ចុះ	185	ɓ a ɲ . c o h
ផ្តោតសំខាន់	185	p ɗ ao t . s ɑ m . kh a n
ហ្វ	185	f ɑɑ
ក្រូច	184	k r oo c
គ្លីនិក	184	k l ii . n i k
ប្រតិបត្តិករ	184	p r ɑ . t e ʔ . ɓ a t . k ɑɑ
ផ្ទះបាយ	184	p t ea h . ɓ aa j
ភ័ក្តិ	184	ph ea k
ផ្លែផ្កា	183	p l ae . p k aa
ព្រលឹង	183	p r ɔ . l ɨ ŋ
សង្ហា	183	s ɑ ŋ . h aa
សំណាក	183	s ɑ m . n aa k
ឌុប	182	ɗ u p
ម៉ុង	182	m o ŋ
លីវ	182	l ii w
សិទ្ធិសេរីភាព	182	s ə t . s ee . r ə j . ph ie p
សុខុន	182	s o ʔ . kh o n
អាំង	182	ʔ a ŋ
ខា	181	kh aa
ដោយដៃ	181	ɗ ao j . ɗ a j
តាមពិតទៅ	181	t aa m . p ɨ t . t ɨ w
បូកសរុប	181	ɓ oo k . s a ʔ . r o p
បួស	181	ɓ uə h
ភេ	181	ph ee
វង្ស	181	w u ŋ
ស្ត្រេស	181	s t r ee h
កុហក	180	k o ʔ . h ɑ k
ក្រុមប្រឹក្សាភិបាល	180	k r o m . p r ə k . s aa . ph i ʔ . ɓ aa l
ក្រែង	180	k r ae ŋ
ឆា	180	ch aa
ជាប់គាំង	180	c oa p . k ea ŋ
